0,0,0,0,0
0.0015625,2.34153837910704e-06,0.00454155252076759,0,0
0.003125,1.87359289706349e-05,0.0179025820967649,0,0
0.0046875,6.26701185661744e-05,0.039663308225182,0,0
0.00625,0.000146874098771024,0.0693714990387401,0,0
0.0078125,0.000283345451476923,0.106543959651681,0,0
0.009375,0.000483405320614817,0.150666068747933,0,0
0.0109375,0.000757521612233975,0.201202522375337,0,0
0.0125,0.00111525594941685,0.25760255802699,0,0
0.0149053608204967,0.00184905908956207,0.354589716834508,0,0
0.0173107216409935,0.00282915113978125,0.46200290213732,0,0
0.0197160824614902,0.00407824745642808,0.577688739458067,0,0
0.022121443281987,0.00561347687674267,0.699524553840513,0,0
0.0257529374182985,0.00849809923661168,0.890565616974561,0,0
0.02938443155461,0.0120823595333631,1.08374059437675,0,0
0.0330159256909215,0.016363227947451,1.27225635362223,0,0
0.036647419827233,0.0213115712037354,1.4500488019841,0,0
0.0408625285807893,0.0278251947874935,1.6357653117216,0,0
0.0450776373343455,0.035059411040794,1.79106190001029,0,0
0.0492927460879018,0.0428697566652467,1.90831418829134,0,0
0.0535078548414581,0.0510840060339147,1.98140845340707,0,0
0.0582218925050444,0.0605225383424062,2.00474707752515,0,0
0.0629359301686307,0.0699084375718827,1.96092312845212,0,0
0.0676499678322169,0.0789019613740621,1.84869694321478,0,0
0.0723640054958032,0.0872080366897124,1.67206760200257,0,0
0.0723640054958032,0.0872080366897124,1.67206760200257,0,0
0.072364299059208,0.0872085275456849,1.67205475466191,7.37394911749189e-12,5.02374198445383e-05
0.0723645926226128,0.087209018397886,1.67204190747565,2.94956755990104e-11,0.000100474222074934
0.0723648861860176,0.0872095092463156,1.67202906044381,6.63649981280487e-11,0.000150710406637272
0.0723651797494224,0.0872100000909738,1.6720162135664,1.17981735374672e-10,0.000200945973477637
0.0723666475664464,0.0872124542576956,1.67195198149631,5.97270294520963e-10,0.000452114539837157
0.0723681153834704,0.0872149083301392,1.67188775328911,1.4452170120969e-09,0.000703267654645803
0.0723695832004944,0.0872173623083104,1.67182352894655,2.66179920288951e-09,0.000954405310869705
0.0723710510175184,0.0872198161922149,1.6717593084704,4.24699417136613e-09,0.00120552750147624
0.0723783901026384,0.0872320841979348,1.67143826414722,1.77013656163725e-08,0.00246090622419168
0.0723857291877583,0.0872443498478387,1.67111731674769,4.03676462388215e-08,0.00371589725229991
0.0723930682728783,0.0872566131426386,1.67079646649123,7.2242987490529e-08,0.00497049970812648
0.0724004073579983,0.0872688740830483,1.67047571359706,1.13324534393106e-07,0.00622471271477885
0.0724371027835981,0.0873301434943347,1.66887341721968,4.56724990417599e-07,0.0124899053742779
0.072473798209198,0.0873913541538521,1.66727358767033,1.02984864328364e-06,0.0187452307215894
0.0725104936347978,0.0874525061526236,1.66567625213064,1.83233140109208e-06,0.0249905800303186
0.0725471890603977,0.0875135995826607,1.66408143765856,2.86380521727209e-06,0.0312258450685935
0.0727306661883969,0.0878181914826373,1.65614611943314,1.14429169505708e-05,0.0622471537200048
0.0729141433163961,0.0881213335347455,1.6482778147498,2.56893231847135e-05,0.0930004082030855
0.0730976204443954,0.0884230383408474,1.64047976297887,4.55526164713823e-05,0.123472651036519
0.0732810975723946,0.0887233190691774,1.63275512166246,7.09801238725457e-05,0.153651252051906
0.0741984832123908,0.0902038330875073,1.59533587129471,0.000279694699564742,0.299728432271544
0.075115868852387,0.0916510452444434,1.56017719631161,0.000618314296510237,0.436763310952592
0.0760332544923832,0.0930671928724214,1.52757526219143,0.00107788958496502,0.563571226181998
0.0769506401323794,0.0944546918009265,1.49776105012013,0.00164875724698919,0.679228253215857
0.0780120733885774,0.0960276973885913,1.46696715557228,0.00243457343781105,0.798238767309934
0.0790735066447753,0.0975702278570846,1.44030352874936,0.0033378691677713,0.900728210504277
0.0801349399009733,0.0990867706301554,1.41783434023214,0.00434069474187512,0.986439900475831
0.0811963731571712,0.100581675398477,1.3995239181505,0.00542565139742838,1.05551652470507
0.0825477658997071,0.102460252017529,1.38203741655664,0.00689940502959031,1.12015966595881
0.083899158642243,0.104319443429665,1.37065256623784,0.00844353323597483,1.16039620211231
0.0852505513847789,0.106167332822059,1.36477254657119,0.0100257032678884,1.17861341565718
0.0866019441273148,0.108010631990844,1.36370310169094,0.0116190679407964,1.17758833005647
0.0882230531246193,0.110223603150797,1.36771799269218,0.0135138716841963,1.15516753434608
0.0898441621219239,0.112446867527231,1.37611630380959,0.0153571903117233,1.11521305817104
0.0914652711192285,0.114686813405154,1.38745988302457,0.0171234706833388,1.06347750960567
0.0930863801165331,0.116946799518563,1.40050325127479,0.0187992778630624,1.0049428048994
0.0946919572927974,0.119206258611223,1.41401885455515,0.0203643611487714,0.944580106938265
0.0962975344690618,0.121487120961715,1.42707765635989,0.0218337158096098,0.886044614879662
0.0979031116453262,0.123788063434467,1.43884963216843,0.0232126343878685,0.832656426805838
0.0995086888215906,0.126106564345994,1.44878736890673,0.0245112036174806,0.786605195012965
0.101310652666501,0.128725620600849,1.45731141067344,0.0258886917920254,0.745438121818726
0.103112616511411,0.131357128706261,1.46270891347383,0.0272036310471532,0.716777204489728
0.104914580356321,0.133995121810332,1.4649104795931,0.0284798887904479,0.700900033885199
0.106716544201231,0.136634348746018,1.46410949983469,0.0297384696900903,0.697033046791441
0.108454419431231,0.139176472171514,1.46080738191179,0.0309531653370565,0.703422096080511
0.11019229466123,0.141710959084104,1.45545383547894,0.0321865557303713,0.718016859409377
0.111930169891229,0.14423438685651,1.44856047264197,0.0334523313791457,0.738770888354749
0.113668045121229,0.146744777551135,1.44059479783458,0.0347584040337666,0.763814165181791
0.115405920351228,0.14924100081363,1.43199448452556,0.0361092951116317,0.791395996015353
0.117143795581228,0.15172212926427,1.42328036405342,0.0375087141316422,0.81943305550142
0.118881670811227,0.154188199551327,1.41488229739558,0.0389565145007053,0.846205899730225
0.120619546041227,0.15664008379864,1.40705774618717,0.0404492077234703,0.87068468216136
0.122475373466198,0.159244119507257,1.39951290129501,0.0420871735009912,0.893581794914438
0.124331200891169,0.161835169224535,1.39302680644609,0.0437635686133987,0.912243907494519
0.12618702831614,0.164415310788265,1.38767845813575,0.0454700817095236,0.926355033920276
0.128042855741111,0.166986481888209,1.38337040022497,0.0471989620303197,0.936304998747808
0.130392008696513,0.170230705544166,1.37913948872054,0.0494097583824066,0.944010568568553
0.132741161651916,0.17346646200841,1.37602422980837,0.0516327688304023,0.947253528020216
0.135090314607318,0.176696300819866,1.37364716689001,0.0538577952186124,0.947543703496645
0.137439467562721,0.179921005253521,1.37153979821762,0.0560817044470809,0.946755101989214
0.140583614242249,0.184229008303808,1.36847922799676,0.0590563227041381,0.94665975130219
0.143727760921776,0.188526280122643,1.36478321254566,0.0620350745636651,0.949106181536134
0.146871907601304,0.192810146706716,1.3602481609996,0.0650286560389029,0.954908756149907
0.150016054280832,0.197078554169395,1.35494578863328,0.0680452826763867,0.963780614044703
0.152225477597812,0.200067902078757,1.35085644172579,0.0701823080708239,0.971468224578832
0.154434900914791,0.203048009903228,1.34661923197232,0.0723371385971558,0.979747286496896
0.15664432423177,0.206018460245979,1.34239551584675,0.0745114438427011,0.98797237390337
0.15885374754875,0.208979555713707,1.33822200448176,0.0767040133806708,0.99599664226747
0.161063170865729,0.211931744292629,1.33407817938452,0.0789130552661928,1.00390216556063
0.163272594182708,0.214874957180015,1.33009989818999,0.0811388447101943,1.01114551324291
0.165482017499688,0.217809476885327,1.32635908221454,0.0833802516748202,1.01743900004889
0.167691440816667,0.220735872696091,1.32278649277157,0.085634999009968,1.02305958072492
0.170104426737693,0.223923195626191,1.31893630052088,0.0881103726414859,1.02899179297358
0.17251741265872,0.227101391291893,1.31522021796093,0.0905994078364579,1.03438756645928
0.174930398579746,0.230270593323514,1.3116601527407,0.0931015700736119,1.03915927058608
0.177343384500773,0.233431199039999,1.30813275503056,0.0956152700771686,1.04380030467254
0.179890141155069,0.236758052743828,1.30426561644884,0.0982794183557662,1.04927538588798
0.182436897809364,0.240074998735284,1.30038014958846,0.100957746539707,1.05482378021804
0.18498365446366,0.243381682073744,1.29656088956886,0.103651674391489,1.06010734718498
0.187530411117956,0.246678521610171,1.29272292063799,0.106359526507257,1.06546574979698
0.190030746740375,0.249906135189584,1.28879628675928,0.109029793039167,1.07136096832948
0.192531082362794,0.253123903983264,1.28487806988807,0.111714907128657,1.07722251883194
0.195031417985213,0.256331563717928,1.28107934490425,0.114415925868858,1.08260610178483
0.197531753607633,0.259529676971479,1.27732222151458,0.117130598948153,1.08782327836115
0.199983014164591,0.262656308798042,1.27353870675145,0.119803019230734,1.09333859098814
0.20243427472155,0.265773694387921,1.26979871612243,0.12248884640633,1.09867980707874
0.204885535278509,0.268881695107578,1.26618599211685,0.125188635009092,1.10351195667554
0.207336795835468,0.271980808937872,1.26261385149156,0.127900393115586,1.10818177275122
0.209817169645628,0.275108186430733,1.25889100951048,0.130654534785699,1.11334015384445
0.212297543455789,0.278226334431982,1.25519498057541,0.133421452976627,1.11839128275366
0.214777917265949,0.281335050003991,1.25160813808473,0.136201959438884,1.12300566588532
0.217258291076109,0.284434811261949,1.24804322767209,0.138994141711717,1.1275323207048
0.219757926752456,0.287550080727536,1.24432212483952,0.141817838448239,1.13260816164112
0.222257562428803,0.29065603294171,1.24061556768064,0.144654286337924,1.13762581988262
0.224757198105149,0.293752414473718,1.23701567062836,0.147504499103782,1.14221683769776
0.227256833781496,0.296839732840261,1.23343822545214,0.150366446679005,1.14671804800867
0.229755341534788,0.299917128608353,1.22973481580328,0.153236719552995,1.15172754218018
0.23225384928808,0.30298525887704,1.22604868954766,0.156119558693746,1.15666790277875
0.234752357041372,0.306043876071291,1.22247262225874,0.159015954401385,1.16116802751051
0.237250864794665,0.309093496709212,1.21892179511162,0.161923840603485,1.16556719167508
0.23975475938732,0.312141204154127,1.21523634585866,0.164847374243321,1.17048370630533
0.242258653979975,0.315179669710377,1.21156722774132,0.167783273966391,1.1753348963931
0.24476254857263,0.318208639203829,1.20800615272855,0.170732556469225,1.17975391406261
0.247266443165285,0.321228626351901,1.20446731114595,0.173693166882153,1.18408399801144
0.24978146747157,0.324253533782461,1.20078063648955,0.176676185118899,1.18896174125917
0.252296491777855,0.327269148810144,1.19710634794091,0.179671552304503,1.19378994007587
0.25481151608414,0.330275198630681,1.19353807785841,0.182680359656032,1.19819406502799
0.257326540390424,0.33327220297415,1.18998968495088,0.185700528253182,1.20251868128028
0.259850739654566,0.336271592976367,1.18629214546679,0.188740948319336,1.20740388130415
0.262374938918707,0.339261625740547,1.18260489755523,0.191793795250167,1.21224791503788
0.264899138182849,0.34224201691412,1.17902338232002,0.19486020645595,1.21666901806625
0.26742333744699,0.345213293144346,1.17546070936128,0.197938075347645,1.2210147519887
0.269956620978879,0.348186653458832,1.17174592673649,0.201036320497801,1.22593327790874
0.272489904510769,0.351150576898229,1.16803994812134,0.204147130778434,1.2308165877902
0.275023188042658,0.3541047704804,1.16443928806824,0.207271678118094,1.23527862342346
0.277556471574547,0.357049764558844,1.16085582524479,0.210407841102784,1.23967187013814
0.280100574115414,0.359998636451599,1.15711379292335,0.213566851942684,1.24465694105354
0.282644676656281,0.362937958979516,1.15337861123181,0.216738662317772,1.24961460944934
0.285188779197149,0.365867428968525,1.14974812205804,0.219924484924325,1.25415350777403
0.287732881738016,0.368787580294817,1.14613274008809,0.223122184257579,1.25863197728349
0.290288799518276,0.371712471555873,1.1423527233676,0.226344446070411,1.26372262279569
0.292844717298535,0.374627669302533,1.13857761121616,0.229579847564422,1.26879365003174
0.295400635078795,0.377532860466273,1.13490678113404,0.23282964101371,1.27344754899046
0.297956552859055,0.380428582431166,1.13124887231333,0.236091676881979,1.27804976290358
0.300525140721882,0.383329682825549,1.12742008214737,0.239379962329811,1.28328578479368
0.303093728584709,0.386220914009117,1.12359433729362,0.242681835467383,1.28850962543493
0.305662316447536,0.389101953833253,1.1198725335087,0.24599858488916,1.29331770180087
0.308230904310363,0.391973342123973,1.1161611409777,0.249328051291082,1.29808413315116
0.310813416370972,0.394851128947873,1.11227136618302,0.252686135056579,1.30350945500404
0.313395928431581,0.397718833221505,1.10838263330468,0.256058378420987,1.30893060919157
0.31597844049219,0.400576123717036,1.104597416271,0.259446106295637,1.31393770000045
0.3185609525528,0.403423541533028,1.10081961179241,0.262847154286279,1.31891514058899
0.321158805384948,0.406278472869263,1.09685479380498,0.26627960453662,1.32458043802538
0.323756658217097,0.40912306438159,1.09288878239371,0.269726931637035,1.33025050915709
0.326354511049246,0.411956975552965,1.0890257410138,0.273190497655696,1.33550870016337
0.328952363881395,0.414780747451661,1.08516655750811,0.276668138319514,1.34075145967277
0.33156710818294,0.417613195454138,1.08111049973662,0.280180386864672,1.34671543411949
0.334181852484486,0.420434995266297,1.07705070894036,0.283708400223521,1.35269434066527
0.336796596786031,0.42324579680738,1.07309313340634,0.287253578719092,1.35826438616208
0.339411341087576,0.426046139322941,1.06913516600586,0.290813765369173,1.36383599912474
0.342044789938373,0.428856487131607,1.06496880391785,0.294412411002448,1.37016779418623
0.344678238789169,0.431655817233648,1.06079571734326,0.298027914314837,1.37652648719407
0.347311687639966,0.434443769408586,1.05672373917461,0.301661716188257,1.38248074657814
0.349945136490763,0.43722087869282,1.05264622767554,0.305311676477112,1.38845713928392
0.352599435686025,0.440009534366909,1.04834670597523,0.309004763701395,1.39523975604294
0.355253734881287,0.44278672829155,1.04403682894713,0.312716052149722,1.40206379411312
0.357908034076549,0.445552089165637,1.03982642897222,0.316447027026512,1.40848992397055
0.360562333271812,0.448306144675125,1.03560422810547,0.320195577587949,1.41496325739533
0.363240046661272,0.45107354988689,1.0311437621503,0.323992960199599,1.42229777387579
0.365917760050732,0.453828957171576,1.0266684409692,0.327810198854909,1.42969171125996
0.368595473440193,0.456571982814094,1.0222902192164,0.331648828414223,1.43669725093089
0.371273186829653,0.459303142949347,1.01789250478082,0.335506784337941,1.44378076133299
0.373977445986416,0.462049819993284,1.01323684672055,0.339420665872493,1.45179188064291
0.376681705143178,0.464783847150586,1.00856066645362,0.343356450672575,1.45988508877949
0.379385964299941,0.467504826484468,1.00397817109242,0.347315730485324,1.46760355729319
0.382090223456703,0.470213256918175,0.999366684074971,0.351296509617765,1.47543799243183
0.384824941111442,0.472939878060537,0.994473061839792,0.355342201061245,1.48428144929535
0.387559658766181,0.475653049451583,0.989551704674266,0.359412345167116,1.49323584588026
0.390294376420921,0.478352356596474,0.984719214786239,0.363508599914735,1.50183477335517
0.39302909407566,0.481038273554677,0.979845951780337,0.367629069066229,1.51059679330158
0.395799271819773,0.483745763002344,0.97466032680517,0.37182606652397,1.52046911573435
0.398569449563886,0.48643881086315,0.969437752195449,0.37605071800546,1.53048923670533
0.401339627307999,0.489116983287114,0.96429739147367,0.380304758910619,1.54018050212455
0.404109805052112,0.491780719128882,0.959101637919473,0.38458643382087,1.55009333887344
0.406921994871092,0.494470415255299,0.95355510019759,0.388959993163827,1.56124445691129
0.409734184690071,0.497144424921662,0.947959904157917,0.393365265739972,1.57259020822031
0.412546374509051,0.499802292054152,0.942437996696972,0.397804075844576,1.58364280521442
0.415358564328031,0.502444406460213,0.936842680816097,0.402274864247863,1.59498903588824
0.418221572851498,0.505118320951114,0.930846896076238,0.406858345653604,1.60773772940159
0.421084581374964,0.507774965893979,0.924787885729822,0.411478740938423,1.62073932534117
0.423947589898431,0.510413861309154,0.918790747830776,0.41613797002093,1.63349343149127
0.426810598421898,0.513035329982498,0.912698501479745,0.420834741757694,1.64662797144931
0.429736581495059,0.515696566435861,0.906140569909523,0.42567316555985,1.66137814015111
0.43266256456822,0.5183384936263,0.899502250097174,0.430555231570571,1.67644986182143
0.435588547641381,0.520960610739229,0.89291254723558,0.435482943048199,1.69132711568872
0.438514530714542,0.523563152081665,0.886203123904861,0.440455362764672,1.70668325143251
0.441520724270386,0.526216593047299,0.878941731595291,0.445610880589664,1.72393251715766
0.44452691782623,0.528848068361408,0.87158251223694,0.450818799049152,1.74157309107793
0.447533111382074,0.531457073937546,0.864260175633143,0.456081134488918,1.75906613397999
0.450539304937918,0.534043736258586,0.856794630462385,0.461397380977474,1.77713201114989
0.453650771399194,0.536697174699282,0.848664252984632,0.466957670331598,1.79744412666685
0.45676223786047,0.539325179180225,0.840426720963615,0.472581706403566,1.81818486035687
0.459873704321746,0.541927301077234,0.832227054361512,0.478271283690101,1.83877413237124
0.462985170783023,0.544503564255306,0.82387514948337,0.484026306731214,1.85997235748976
0.466238985458591,0.547169503837756,0.814720492383875,0.490116729661156,1.88382301710081
0.469492800134159,0.549805578898555,0.805483177769559,0.496285066073487,1.90800430677114
0.472746614809727,0.552411570547815,0.796330638105605,0.502532191527758,1.93184649664003
0.476000429485295,0.554987507206669,0.787070168546077,0.508857992339437,1.95612040609121
0.479450985381128,0.55768567209956,0.776881195969794,0.5156549937789,1.98333631506109
0.482901541276961,0.560348857051542,0.766741432301981,0.52254519451957,2.0103553883971
0.486352097172793,0.562977570393301,0.75687119867057,0.529526561238709,2.0362963415875
0.489802653068626,0.565572299241106,0.747095177454479,0.536597145471239,2.06186044511661
0.493524873931082,0.568342350022126,0.737711733899851,0.544287871965462,2.08478822467085
0.497247094793538,0.571067597869923,0.727340205310005,0.55210344345452,2.11166834436596
0.500969315655994,0.573753857246574,0.721306950413327,0.560020602090103,2.12119536928839
0.504691536518449,0.576461091197742,0.739141004221199,0.567799495689566,2.03525315939263
0.506806872511668,0.578051239314363,0.76537181261796,0.571989494511462,1.92202934736819
0.508922208504886,0.579702360824784,0.796465964022183,0.575918041245824,1.78935216331391
0.511037544498105,0.581421944455996,0.829542303250236,0.579555180984687,1.64874622796431
0.513152880491323,0.583211983302028,0.862537637389971,0.582892941351938,1.50846431296798
0.515268216484541,0.58507058989068,0.893896489933949,0.585938872236378,1.37472832435468
0.51738355247776,0.586992352779783,0.922287397017672,0.588714619406679,1.2528641175824
0.519498888470978,0.58896968500731,0.946906506337812,0.591250530710952,1.14608710186445
0.521614224464197,0.590994769776059,0.967363098845441,0.593577873338004,1.05596015339655
0.523926685592769,0.59325354738905,0.984831176533327,0.595922096198437,0.977013745176486
0.526239146721342,0.595546785840289,0.99737245334005,0.598107492208206,0.917774540481071
0.528551607849915,0.597862829847572,1.00542906698226,0.600180682496128,0.876473988443731
0.530864068978488,0.600192714274705,1.00952563741936,0.602177527606976,0.851013609226783
0.533176530107061,0.602528859950366,1.01025998005141,0.604128344226035,0.839002141230088
0.535488991235633,0.604863527563738,1.00838118869295,0.606064089596581,0.837443209195413
0.537801452364206,0.607191127015464,1.00459223083924,0.60800712411604,0.843524943141712
0.540113913492779,0.609508198388284,0.999448831628186,0.60997128745345,0.855024442517409
0.542484319072293,0.611870079430031,0.993274183846167,0.612015890213383,0.870421562151472
0.544854724651808,0.614216836094714,0.986723259448045,0.614098942221649,0.887323788249944
0.547225130231322,0.616548027303533,0.980200089242071,0.61622220779344,0.904114997579827
0.549595535810837,0.618864000446023,0.973958652001151,0.618384297370621,0.919779275049493
0.552656668903124,0.621833516773145,0.96658664994054,0.621229082087972,0.937255397037803
0.555717801995411,0.624782135502196,0.960232796413406,0.624120687215094,0.950658924892203
0.558778935087698,0.627713508150752,0.954968830540628,0.62704450668168,0.959702902129178
0.561840068179986,0.63063034719048,0.950707317624037,0.629989690601066,0.964737067541407
0.565832682549726,0.6344161670432,0.946482907130717,0.633850188877956,0.965967690727826
0.569825296919467,0.638187520708803,0.943305919476314,0.637705999538976,0.963008622558576
0.573817911289207,0.641949194091201,0.940654971619203,0.641537978968476,0.957945395200157
0.577810525658948,0.64570133529359,0.938298739374388,0.645345534753675,0.951703305392554
0.581275270689664,0.648949035454185,0.936395917153143,0.648632454240819,0.945718934777007
0.58474001572038,0.652190024237595,0.934429478959695,0.651899113743009,0.93998902805027
0.588204760751096,0.655423934744222,0.932312209129719,0.655146980858641,0.934862447869645
0.591669505781811,0.658650270693456,0.930039835499753,0.658378040710148,0.930356282888978
0.596823953332428,0.663435579076425,0.926377554007135,0.663155518987499,0.924779356670831
0.601978400883044,0.668201086471789,0.922436610724633,0.667907947090108,0.920317077612222
0.607132848433661,0.672944670863298,0.918353168694194,0.672643813082974,0.916424793545357
0.612287295984278,0.67766685017852,0.914222011046156,0.677361045255824,0.91272337194889
0.617523909060014,0.682443302203709,0.909988247719269,0.682130721855245,0.909109955547247
0.622760522135751,0.687197619595055,0.905767983983149,0.686881332604873,0.905442540782539
0.627997135211487,0.69192980967601,0.901614565156263,0.691612848210899,0.901507746380894
0.633233748287224,0.69664025915439,0.897489055963481,0.696323721842058,0.89746131344283
0.639867499391709,0.702576394448744,0.89225670404562,0.702261250654378,0.892359881780274
0.646501250496194,0.708477974867515,0.887053879094473,0.70816431685985,0.887140342250865
0.653135001600679,0.714345402282224,0.881859582812495,0.714031312972385,0.881886688044777
0.659768752705164,0.720178389256629,0.876653121836103,0.719863388736955,0.876681692616343
0.668854779628024,0.728110729770939,0.869534335259782,0.727798780962808,0.869503269276324
0.677940806550884,0.73597859452336,0.862430587214198,0.735668126942522,0.862264691813359
0.687026833473744,0.743782730253807,0.855296856442269,0.743468439716439,0.85514604525577
0.696112860396604,0.751522017468384,0.848118027712136,0.751204197260147,0.848207790531
0.703998933780685,0.758185017388147,0.841932788134729,0.75787249340076,0.842003796881494
0.711885007164766,0.764799605811362,0.83578887298769,0.764490401365551,0.835634505510517
0.719771080548847,0.771367019274294,0.829604411389956,0.771052975009458,0.829427399942323
0.727657153932928,0.777885681680784,0.823357587298468,0.777566518717117,0.823469744349138
0.735543227317008,0.78435309410839,0.817170878735545,0.784041028178294,0.817271626641697
0.743429300701089,0.790772220290877,0.81104168389081,0.790464648457931,0.810843454061503
0.75131537408517,0.797144733843147,0.804861477747908,0.796830685096417,0.804619326673981
0.759201447469251,0.8034685286482,0.798596228153464,0.803147562561756,0.798735373092622
0.766682077391556,0.80941930020296,0.792713129024247,0.80910573826058,0.792913777794366
0.774162707313862,0.815326597599252,0.786901282880605,0.815018224243766,0.786807170553804
0.781643337236167,0.821192132150052,0.781046270442507,0.820878175259412,0.780873228491072
0.789123967158473,0.827013920094287,0.775112481030918,0.8266935263518,0.7752543943223
0.796160726812586,0.832447924291374,0.769572669283673,0.832132758977388,0.769801396428539
0.803197486466699,0.837843310932015,0.764089257944956,0.837532161098012,0.76412279690067
0.810234246120811,0.843201216103089,0.75857985931131,0.842887188366152,0.758548146552516
0.817271005774924,0.848520421639553,0.753025733665153,0.848202713441981,0.753152404254402
0.824386642355794,0.853858323344813,0.747442223564467,0.85354395470573,0.747564686713814
0.831502278936664,0.859156688694681,0.741886235442697,0.858844660308821,0.741866881257558
0.838617915517535,0.864416181755225,0.736303204062822,0.864102173986988,0.736277248833725
0.845733552098405,0.869636001718537,0.730693621174221,0.869319698971853,0.730793822444793
0.853514330868983,0.875297135960466,0.724602346179981,0.874983988228348,0.724627146526004
0.861295109639562,0.880911030968207,0.718525826980502,0.880599673427876,0.718401447428169
0.869075888410141,0.886478331501618,0.712409471069596,0.886164175531004,0.712335095176042
0.876856667180719,0.891998095774737,0.706264210806678,0.891681261681583,0.706384360331964
0.88521162115288,0.897870630822587,0.699739448067388,0.897559192289276,0.699698571902366
0.893566575125041,0.903688919969856,0.693233403347707,0.903380190675232,0.692937911394332
0.901921529097202,0.909454141296372,0.686652878841334,0.909139544520139,0.686475170033065
0.910276483069362,0.915164455753732,0.680014963998482,0.914844610017614,0.680241990017711
0.918208290056816,0.920532174441114,0.673827230462633,0.920220836800919,0.673868513542339
0.926140097044271,0.925851263991883,0.66768147884743,0.925544707313052,0.667327109384379
0.934071904031725,0.931123537619331,0.661433203131755,0.930808968700841,0.661195801628312
0.942003711019179,0.936346369405169,0.655099876264959,0.936024124637448,0.655404698476724
0.948886293784204,0.94083567814829,0.6496982927812,0.940519943384717,0.650003777641801
0.955768876549229,0.94528816765724,0.644351810276921,0.944977159402459,0.644382452888957
0.962651459314255,0.949705047664238,0.638954708340316,0.949390933761798,0.638963605865419
0.96953404207928,0.954084897847617,0.633512805643143,0.953766947749402,0.633723961884152
0.975994491189736,0.958161027397272,0.628448423983718,0.957845791139217,0.62863068621242
0.982454940300193,0.962204549992593,0.623403273462372,0.961891284778139,0.623460485988372
0.98891538941065,0.966215853593837,0.618335085572894,0.965901876825143,0.618382435236852
0.995375838521106,0.970194466582168,0.613253895059948,0.969879453755566,0.613356394979205
0.997892926711557,0.971733748054469,0.609955695166782,0.971428225844649,0.61667214049254
1.00041001490201,0.973270382447043,0.611306849622612,0.972962724836516,0.60139046860989
1.00292710309246,0.974823082693601,0.62431741654971,0.974408098996312,0.539471146842167
1.00544419128291,0.976423475806792,0.65075606409092,0.975637840273453,0.423839502617998
1.00705033785391,0.977486308898368,0.673153237087446,0.97624303336976,0.327948291487293
1.00865648442491,0.978587210759058,0.698014626289831,0.976685828620096,0.222200215533156
1.01026263099591,0.97972912981481,0.724103087672482,0.976954432320674,0.111543850857955
1.0118687775669,0.980913302070659,0.750413420601064,0.977043900451354,-9.74498259864731e-13
1.0118687775669,0.980913302070659,0.750413420601064,0.977043900451354,0
1.01418417629793,0.982697323480192,0.791914465900421,0.977043900451354,0
1.01649957502896,0.984585658500625,0.840317379216433,0.977043900451354,0
1.01881497375998,0.986593173032322,0.894554143937005,0.977043900451354,0
1.02113037249101,0.988731987465257,0.953536903326271,0.977043900451354,0
1.02543988959315,0.993091577207032,1.07228958196073,0.977043900451354,0
1.02974940669529,0.997977171736906,1.19629442623678,0.977043900451354,0
1.03405892379743,1.00339899759761,1.31816937225157,0.977043900451354,0
1.03836844089958,1.00933013174346,1.43114098321842,0.977043900451354,0
1.0429216336644,1.01608925268336,1.53387256351859,0.977043900451354,0
1.04747482642923,1.02326137190671,1.61186708260629,0.977043900451354,0
1.05202801919406,1.03071855561142,1.65844410563299,0.977043900451354,0
1.05658121195888,1.03830773570445,1.6686910502579,0.977043900451354,0
1.06104699958967,1.04572847509465,1.64007179523801,0.977043900451354,0
1.06551278722045,1.05293146372337,1.57146562136159,0.977043900451354,0
1.06997857485124,1.05971743306904,1.46423426763511,0.977043900451354,0
1.07444436248202,1.06593180292433,1.32280677872756,0.977043900451354,0
1.07444436248202,1.06593180292433,1.32280677872756,0.977043900451354,0
1.07444473132199,1.06593229082595,1.32279385760305,0.977043900460619,5.02371700254228e-05
1.07444510016195,1.06593277872281,1.32278093675784,0.977043900488413,0.000100473222836592
1.07444546900192,1.0659332666149,1.32276801619197,0.977043900534736,0.000150708158294475
1.07444583784188,1.06593375450222,1.32275509590545,0.977043900599587,0.000200941976350775
1.07444768204171,1.06593619386737,1.32269049866379,0.977043901201756,0.000452094302890147
1.07444952624153,1.0659386331134,1.32262590840882,0.977043902267075,0.000703218682641731
1.07445137044136,1.06594107224032,1.32256132514301,0.977043903795491,0.000954315105763124
1.07445321464119,1.06594351124814,1.32249674886882,0.977043905786953,0.00120538356241503
1.07446243564031,1.06595570450121,1.32217397245777,0.977043922688151,0.00246030600604475
1.07447165663944,1.06596789477877,1.32185137120436,0.977043951157759,0.00371452781910868
1.07448087763857,1.06598008208243,1.32152894541425,0.977043991189309,0.00496804777898049
1.07449009863769,1.06599226641381,1.32120669539263,0.977044042776326,0.00622086466487614
1.07453620363333,1.06605314354343,1.31959809245937,0.977044473815932,0.0124743603950478
1.07458230862896,1.06611394661061,1.31799392923704,0.977045192764111,0.0187100972814943
1.0746284136246,1.06617467582094,1.31639424332725,0.977046198798594,0.0249279249177971
1.07467451862023,1.06623533138169,1.31479907202756,0.977047491090275,0.0311276941137024
1.07490504359841,1.06653751179181,1.30689221871383,0.977058217006205,0.0618505273542567
1.07513556857658,1.06683788303501,1.29910364901714,0.977075971061485,0.0921002261266557
1.07536609355476,1.06713647290035,1.29143767665636,0.977100642099977,0.121859535555424
1.07559661853293,1.06743331009363,1.2838984192492,0.977132115298355,0.151111985169715
1.0767492434238,1.06889219227818,1.24822959912104,0.977387568493478,0.289264365610545
1.07790186831467,1.07031208241994,1.21623279051897,0.977793776652564,0.412728699947059
1.07905449320554,1.07169746131525,1.18819960772487,0.978332816590227,0.520338531051696
1.08020711809641,1.07305288387787,1.16428270882649,0.97898646865147,0.611483226573413
1.08193576321801,1.07503922147074,1.13619050525998,0.980142819399877,0.717068837382335
1.08366440833961,1.076985112111,1.1171176107401,0.981449232207133,0.786577212004668
1.08539305346121,1.0789062896571,1.10631076004093,0.982842771639469,0.823021411344196
1.08712169858281,1.08081518422298,1.10263841151293,0.984273717241142,0.830927601999079
1.08885034370441,1.08272198260606,1.104801417971,0.985701321822441,0.815492372709629
1.090578988826,1.08463658363005,1.11135625080283,0.987085990088498,0.782489837925165
1.0923076339476,1.08656588569981,1.12082539941475,0.988400128419949,0.73783004002031
1.0940362790692,1.08851329129996,1.13193710056573,0.989630126878244,0.686600031959255
1.09557771794166,1.09026610738096,1.14231741670098,0.990651800147032,0.639030161282693
1.09711915681413,1.09203469152331,1.15233034526373,0.991601077613768,0.592929840896162
1.09866059568659,1.09381804540616,1.16135735993159,0.99248195256189,0.550773176089179
1.10020203455905,1.09561432042345,1.16897714426519,0.99330181941563,0.514245432619228
1.10194641827327,1.09765972292137,1.17554459298534,0.994167859432876,0.481130676044009
1.1036908019875,1.09971437336866,1.17965184692631,0.99498496741298,0.457856698585509
1.10543518570173,1.10177372507433,1.18122554789294,0.995771330119845,0.444716933024383
1.10717956941595,1.10383370441473,1.18039026233333,0.996543242048086,0.441213113568197
1.10882664606118,1.10577599368468,1.17760671346827,0.997272247082373,0.4458841802726
1.1104737227064,1.1077122726354,1.17318549977136,0.998014648125126,0.457105906304373
1.11212079935163,1.10963994980757,1.16748551384929,0.998780811013655,0.473442721236791
1.11376787599685,1.11155738324763,1.16084557335852,0.999577303562203,0.493539354443979
1.11541495264208,1.11346351801675,1.1535923045383,1.00040834552608,0.516089300969
1.1170620292873,1.11535748100249,1.14611343462121,1.00127742935505,0.539541651881494
1.11870910593253,1.11723907921832,1.13874061062166,1.00218532699524,0.56256981912386
1.12035618257775,1.11910873847521,1.13169379166144,1.00313033520275,0.584293966208861
1.12210365788625,1.12108014097919,1.12474399365158,1.00417020099605,0.605236065137766
1.12385113319474,1.12304006243079,1.11853790442337,1.00524400839798,0.62320332894005
1.12559860850324,1.12498990507155,1.11317875541681,1.00634614844235,0.637782831855779
1.12734608381173,1.12693108508829,1.10864184683756,1.00747095638192,0.649073373062251
1.1294752104947,1.12928633785465,1.10409632596356,1.00886476640613,0.658900763454275
1.13160433717767,1.13163303364188,1.10051703666961,1.0102750161468,0.664863227526084
1.13373346386064,1.1339731854176,1.09769096651337,1.01169365373353,0.667812815047068
1.13586259054361,1.13630785937802,1.09531000542745,1.01311641438139,0.668981966286759
1.13896632213841,1.13970231939894,1.09203621806344,1.01519420760269,0.669898072964843
1.14207005373321,1.14308637931277,1.0885777188607,1.01727580077243,0.671553026997802
1.14517378532801,1.14645901026102,1.08459355446712,1.01936530932469,0.675310641794142
1.1482775169228,1.14981825879181,1.07988558957388,1.02147054706685,0.68196345858912
1.15040531070537,1.15211231864814,1.07622267399244,1.02292759765466,0.688265658112065
1.15253310448794,1.15439832373623,1.07234810485882,1.0243991013804,0.695414471843778
1.15466089827051,1.15667575402206,1.06838538216634,1.02588713838013,0.702915899810884
1.15678869205308,1.15894464968122,1.06438030256507,1.02739154795151,0.710586755413165
1.15891648583565,1.16120520822844,1.06034080307585,1.02891154003559,0.718395290567242
1.16104427961822,1.163457264792,1.05639762846797,1.03044777411929,0.725818526195962
1.16317207340079,1.16570096881221,1.05263467579362,1.03199965244136,0.732520874090554
1.16529986718335,1.16793677997903,1.04901873048758,1.03356533624192,0.738635192511903
1.16753810678533,1.17028060831315,1.04528934375106,1.03522525744411,0.744769887259818
1.16977634638731,1.17261625736624,1.04170617946298,1.03689823764281,0.750319692214006
1.17201458598929,1.17494394716047,1.03828824009766,1.03858339674932,0.755208597477129
1.17425282559127,1.17726404191628,1.03494491425966,1.04027927788194,0.759799048630932
1.17663494224882,1.17972524685435,1.03133305906474,1.04209469285009,0.764899043646414
1.17901705890637,1.18217785619327,1.02773963956194,1.04392222355626,0.769925295893359
1.18139917556392,1.18462172692931,1.02420260848107,1.04576244201532,0.77472599445264
1.18378129222147,1.18705709825811,1.02064560911071,1.04761439144468,0.779606566169826
1.18617536297719,1.18949636389058,1.01693845402659,1.04948650806502,0.78504085286087
1.18856943373291,1.1919267120499,1.01321887778801,1.05137180387848,0.790524824169748
1.19096350448862,1.1943479078576,1.00956872968561,1.05327121839901,0.795731082933923
1.19335757524434,1.19676030952108,1.00593195066705,1.05518331879693,0.800883865362736
1.19569117762014,1.19910367729183,1.00230095530127,1.05705788850124,0.806250791103187
1.19802477999594,1.20143858870718,0.998700564262492,1.05894491470019,0.811495299535683
1.20035838237174,1.20376494466025,0.995200275489299,1.06084479382126,0.816339398905814
1.20269198474754,1.20608311693563,0.991737971979001,1.06275603872614,0.821031557224368
1.2050339975324,1.20840178383404,0.988193689407767,1.06468412795782,0.826018629341519
1.20737601031726,1.21071217162811,0.98468239752414,1.06662381037317,0.830873738708241
1.20971802310212,1.21301418079107,0.981262876491478,1.06857548407924,0.835361764671104
1.21206003588697,1.21530815285774,0.977867261729824,1.07053778293675,0.839754165549932
1.21443085040597,1.21762249212432,0.974340868683512,1.07253366691151,0.844556661562628
1.21680166492497,1.21992846867211,0.970830525059313,1.07454094589341,0.84929495988687
1.21917247944397,1.22222592397896,0.967400866834472,1.07656025397099,0.853710516613681
1.22154329396297,1.22451520305677,0.963985934981126,1.07859021109667,0.858067167854511
1.22392146942099,1.22680372878399,0.96046271167191,1.08063575671774,0.862828100594121
1.226299644879,1.22908386814216,0.956952744187698,1.08269265477564,0.867536010033717
1.22867782033702,1.23135544920246,0.953525737543286,1.08476159298553,0.871912076114117
1.23105599579503,1.23361883567499,0.950116744932441,1.08684111650711,0.876216086060241
1.23343600068985,1.23587613238923,0.946609790059949,1.08893134463973,0.880904766342955
1.23581600558466,1.2381250781141,0.943118535310357,1.09103274953279,0.885530646134071
1.23819601047948,1.2403655049689,0.939712000697941,1.09314600270908,0.88981764537648
1.24057601537429,1.24259778005337,0.936323835223384,1.09526963576972,0.894031168067451
1.242966058393,1.24483164457139,0.932823818162465,1.09741116008821,0.89865270750574
1.2453561014117,1.24705713603032,0.929337192914801,1.09956376155577,0.90322067969101
1.2477461444304,1.24927407485756,0.925933309453715,1.10172815846279,0.907457684729967
1.2501361874491,1.25148282925817,0.922544845214119,1.103902877989,0.911633012882963
1.25253781575239,1.2536944275961,0.919037407608536,1.10609701106858,0.916238773843205
1.25493944405567,1.25589758971562,0.915540297835913,1.10830225610201,0.920803223471608
1.25734107235896,1.25809212181125,0.912124849502094,1.11051938831112,0.925041027344795
1.25974270066224,1.26027839821357,0.908723203970901,1.11274691037368,0.929223620007479
1.26215403074433,1.2624655897205,0.905201893653903,1.11499232753197,0.93384680203334
1.26456536082643,1.26464427520497,0.901689513853598,1.11724895263199,0.938434261992428
1.26697669090852,1.26681425252423,0.898258860284324,1.11951759424476,0.942694817027393
1.26938802099061,1.26897590169236,0.894841116591156,1.12179673231397,0.946903732557933
1.27180976676338,1.2711389010719,0.891299693656297,1.12409469883214,0.951566493885045
1.27423151253614,1.27329330700976,0.887765885022524,1.12640402543555,0.956198798007808
1.2766532583089,1.27543890957608,0.884313560440583,1.12872555184351,0.960505165923245
1.27907500408167,1.27757609257057,0.880872632541409,1.13105774285723,0.964765947107616
1.28150867958346,1.27971572072186,0.877302026686864,1.1334105695992,0.96949862785675
1.28394235508526,1.28184663955653,0.873737279334396,1.13577499263286,0.974207874597574
1.28637603058706,1.28396863001918,0.870253594391047,1.13815188817981,0.978592871701927
1.28880970608885,1.28608207963485,0.866779490832182,1.14053970613992,0.982939543268341
1.29125608466152,1.28819835534977,0.863170328836173,1.14294938649648,0.987776601733229
1.29370246323419,1.29030577959082,0.859565302126933,1.1453709885184,0.992597119051038
1.29614884180685,1.29240412453772,0.856041076214033,1.14780542348681,0.997094433183492
1.29859522037952,1.29449378132284,0.852524561466243,1.15025112687224,1.0015609026555
1.30105512167694,1.29658663332266,0.848867257211345,1.15272009264973,1.00653746698401
1.30351502297437,1.29867046432608,0.845212400025039,1.15520139783998,1.01150424303814
1.30597492427179,1.30074503820538,0.84163809626549,1.15769598695381,1.01614880538525
1.30843482556921,1.30281074888868,0.838069361070689,1.16020228427877,1.02077109347337
1.31090944236814,1.3048802793985,0.834352996222117,1.16273376685861,1.02592615654866
1.31338405916707,1.3069405865426,0.830637215460425,1.16527811339151,1.03107888327643
1.315858675966,1.30899142566061,0.827001621446033,1.16783630251887,1.035910863015
1.31833329276493,1.31103319257086,0.823369042977139,1.17040675096745,1.04073078057158
1.3208239460214,1.31307943448138,0.819581062290789,1.17300461900593,1.04610937993859
1.32331459927787,1.31511621248061,0.81579156458692,1.17561600072988,1.05149404737567
1.32580525253434,1.31714327301884,0.81208174581481,1.17824191033816,1.05655999908571
1.32829590579081,1.31916101279203,0.808371931687745,1.18088076104685,1.06162593221558
1.33080403867718,1.32118389502746,0.804497907481582,1.18354960551047,1.06728011559412
1.33331217156355,1.32319702853217,0.800619974366756,1.18623276007022,1.07294993460731
1.33582030444992,1.32520015046125,0.796821005512481,1.18893127610571,1.0783038965783
1.33832843733629,1.32719365700798,0.793018460205953,1.1916435688438,1.0836721643583
1.34085573634672,1.32919306620554,0.789041476571457,1.19438894295564,1.08966297757936
1.34338303535715,1.33118238905526,0.785057777472839,1.19714959892796,1.09568065265692
1.34591033436757,1.33316135274658,0.781152003015791,1.19992662800299,1.10138662916819
1.348437633378,1.33513035112854,0.7772383351154,1.20271845478454,1.10712417945284
1.35098608580056,1.33710612485419,0.773138210160374,1.20554709042694,1.11352455196681
1.35353453822312,1.33907141058797,0.769027991615145,1.20839219318819,1.1199652988416
1.35608299064569,1.34102592456187,0.764994193551399,1.21125489814027,1.12610036379045
1.35863144306825,1.34297005586479,0.760947255982469,1.2141336489276,1.13228798676004
1.36120340347074,1.344921965923,0.756699601796463,1.21705373481264,1.13918623088469
1.36377536387323,1.34686290771606,0.75243771699789,1.21999173657553,1.14614139745961
1.36634732427572,1.34879258518444,0.748250108096664,1.2229488384544,1.15279946044513
1.36891928467821,1.35071137944259,0.744042942038523,1.22592351599146,1.15953575205832
1.37151759927539,1.35263913689391,0.739617906433538,1.2289451094752,1.16704010799893
1.37411591387257,1.35455534776759,0.735173501330309,1.23198639740865,1.17462194193252
1.37671422846975,1.35645970195533,0.730800355129685,1.235048620225,1.18191874025568
1.37931254306693,1.35835256828275,0.726399749531787,1.23813030262183,1.18932537616794
1.38194072540467,1.36025583283838,0.72176032795192,1.24126590010842,1.19757007499411
1.38456890774241,1.36214684834086,0.71709508463773,1.24442338939606,1.20591806075757
1.38719709008016,1.36402528837487,0.712496915442944,1.24760407614596,1.21399775004341
1.3898252724179,1.3658915036661,0.70786150828588,1.25080655745543,1.22222639117837
1.39248775038433,1.3677698964761,0.702961303824857,1.2540718915245,1.23137964548216
1.39515022835077,1.36963517809699,0.698027130276918,1.25736185394222,1.24066877613362
1.39781270631721,1.3714870030356,0.693154321204859,1.26067782668137,1.24971244888156
1.40047518428364,1.37332569608289,0.688232150430295,1.2640185105781,1.25895356843952
1.40317766515074,1.37517882600133,0.683012419365843,1.26743369643388,1.26922795777484
1.40588014601784,1.37701777416737,0.677748442522692,1.27087695074651,1.27967933022495
1.40858262688494,1.37884217288635,0.672538207201001,1.27434974429468,1.28991573658922
1.41128510775203,1.38065231050793,0.667263632643059,1.27785092367969,1.3004094998985
1.41403512696348,1.38247982276524,0.661649481513679,1.2814421391611,1.3120750290303
1.41678514617493,1.38429180667795,0.655978277296241,1.28506579235625,1.32396877051433
1.41953516538638,1.38608786950876,0.650350977970511,1.28872345421441,1.33568689243152
1.42228518459783,1.38786824935354,0.644641105766661,1.29241417235207,1.3477353058612
1.42509294468568,1.38966991119991,0.63853692058235,1.29621616517866,1.3611343960137
1.42790070477354,1.39145432811084,0.632360250628882,1.30005620282741,1.37482342524282
1.43070846486139,1.39322108165159,0.626215584093712,1.30393595903733,1.38838444079876
1.43351622494925,1.39497034245971,0.619966996682336,1.30785475125817,1.40236113985951
1.43639590358592,1.3967461942141,0.613251957736266,1.31191464653788,1.41792143667351
1.43927558222259,1.39850258538644,0.606447375940652,1.3160198441833,1.43383990488567
1.44215526085926,1.40023907862988,0.599662438790043,1.32017209358181,1.44967979451782
1.44503493949593,1.40195575878697,0.592751017545342,1.32437105536331,1.46602562052633
1.44800675554812,1.40370638100714,0.585278044023284,1.32875418513315,1.48425610842575
1.45097857160031,1.40543465964167,0.577701105735674,1.33319203369147,1.50290245538739
1.45395038765251,1.40714016691526,0.570136831870334,1.33768631213943,1.52149814465994
1.4569222037047,1.40882289278198,0.562429241113262,1.3422370606608,1.54066710149942
1.46001564803427,1.41054987334663,0.554038488989482,1.34703570533936,1.56209143444533
1.46310909236383,1.41225077821923,0.545545523998915,1.35190110246908,1.58392461885838
1.4662025366934,1.41392527851242,0.537081273333443,1.35683456759941,1.60564294597106
1.46929598102296,1.41557330627822,0.528483435766151,1.36183637252223,1.62789562069101
1.47255447891469,1.4172800229772,0.519065656055932,1.36718141667905,1.65278039380473
1.47581297680643,1.41895604407227,0.509602918478009,1.37260757897091,1.67784499838926
1.47907147469816,1.42060139872184,0.500257811944959,1.37811474276414,1.7024390787943
1.48232997258989,1.42221616432094,0.490873090758058,1.38370259847868,1.72719161781474
1.48581578636353,1.42390912229116,0.480590300750546,1.38977196359116,1.75464444459705
1.48930160013716,1.42556663872895,0.47048229215503,1.3959354147109,1.78139814573138
1.49278741391079,1.42718982675317,0.460783195234642,1.40218849936249,1.8065162001652
1.49627322768443,1.42877962986336,0.451367413855267,1.40852744354778,1.83050099243496
1.49930732680956,1.43012862308394,0.439780159447049,1.41414530433094,1.86494420510081
1.5023414259347,1.43146389116632,0.44039735235964,1.41978194227442,1.85056962848341
1.50537552505983,1.43283678096823,0.466611978341926,1.42523196994736,1.73380531958723
1.50840962418497,1.43431255108108,0.511664583621688,1.43023435298414,1.54168909350116
1.51079732847147,1.43558007483178,0.549833326693718,1.4337209848961,1.37964476959281
1.51318503275797,1.43693866901106,0.587826147762011,1.4368209638527,1.21830413369941
1.51557273704447,1.43838458729923,0.623091335311969,1.43954927513272,1.06787403187934
1.51796044133097,1.43991022755106,0.654186214641481,1.44193632731705,0.934125162941066
1.52034814561747,1.44150533330521,0.68029439409738,1.4440231462511,0.820323093497241
1.52273584990397,1.44315594417676,0.700899891639028,1.44586557347451,0.728531751710418
1.52512355419047,1.44484797113689,0.716060250499505,1.4475199651026,0.65852096464828
1.52751125847697,1.44656993965129,0.726123448454601,1.44903221927258,0.608898821207669
1.52982952928059,1.44826069345905,0.73153165859989,1.45040365502997,0.578169085993132
1.5321478000842,1.44995962035829,0.733347035495749,1.45172130935621,0.56181068377632
1.53446607088781,1.45165872490043,0.732310433998214,1.4530171640456,0.556860195133082
1.53678434169143,1.45335261692539,0.729052173640924,1.45431277973848,0.560796341928865
1.53890448290795,1.45489383277705,0.724627956538512,1.45551083883219,0.570173776204871
1.54102462412448,1.45642468901848,0.719330796534676,1.45673269799157,0.58304298208657
1.543144765341,1.45794369910103,0.713560052766661,1.4579843034113,0.59780652302499
1.54526490655752,1.45945020278884,0.707611822425971,1.45926829603478,0.613280010254109
1.54781945971691,1.46124860606838,0.700534456323325,1.46085906386528,0.631565408067257
1.5503740128763,1.46302949428301,0.693888403456651,1.46249428494445,0.648125552936517
1.55292856603569,1.46479436549906,0.687893438886947,1.46416796700694,0.662081344617899
1.55548311919507,1.46654483038626,0.68263475243476,1.46587366737382,0.673092023829209
1.55870924839372,1.46873733893807,0.67707894542483,1.46806376630677,0.682655920893443
1.56193537759237,1.47091389586146,0.672648291404767,1.47027683111606,0.687719205998206
1.56516150679101,1.47307844089041,0.669147886292391,1.47249710286583,0.689061495472224
1.56838763598966,1.47523303257417,0.666380905938919,1.47471634735907,0.687470085910626
1.5716137651883,1.47737904844683,0.664162028187083,1.47692905445942,0.683686265942483
1.57483989438695,1.47951845353666,0.662252753023291,1.4791273640538,0.678664035622166
1.5780660235856,1.4816521385702,0.660454256217755,1.48130771323604,0.673198691868823
1.58129215278424,1.48378014337341,0.658673322545267,1.48346994270227,0.667663095583288
1.58489574555288,1.48615019374107,0.656636489545594,1.48586461052465,0.661669929557849
1.58849933832151,1.48851258806013,0.654440954809231,1.48823894594495,0.656311570479171
1.59210293109015,1.49086660193903,0.652050859407094,1.49059584652948,0.65173145406359
1.59570652385879,1.4932116970105,0.649491457090612,1.49293746574732,0.647828565305387
1.60025920294158,1.49616117660597,0.646052421867142,1.49587594145655,0.643719993478405
1.60481188202436,1.49909457215542,0.642458400536341,1.49879742104596,0.640231366080749
1.60936456110715,1.5020109592141,0.638809805300851,1.50170560229451,0.636961034301846
1.61391724018994,1.50491056253364,0.635136721409863,1.50459958619569,0.633788657144934
1.61846991927273,1.50779371245787,0.63144149102928,1.5074780513742,0.630704865946407
1.62302259835552,1.51066010524354,0.627771039161015,1.51034221280302,0.627521960698605
1.62757527743831,1.51350988340592,0.624143800297832,1.51319150042107,0.624166203430473
1.6321279565211,1.51634319878961,0.62054383587202,1.51602530684998,0.620701348412862
1.63941750818154,1.52084527492115,0.614833085433527,1.52053132636601,0.614940149451238
1.64670705984199,1.52530592738769,0.609148097902322,1.52499452874325,0.609075898860466
1.65399661150244,1.52972592113902,0.603422574051847,1.52941185418248,0.603373793546771
1.66128616316288,1.53410424751753,0.597665435954276,1.53378733731416,0.597798145221461
1.66864350532548,1.53847980583281,0.591903705315752,1.53816602198689,0.591974857129508
1.67600084748809,1.54281312168067,0.586159158887789,1.54250126851126,0.58608283219531
1.68335818965069,1.5471047854095,0.580378131032159,1.54679071549376,0.580336732971784
1.69071553181329,1.55135397625048,0.574572710463369,1.55103764600959,0.574688204600894
1.69840279307092,1.55574724353023,0.568557542163424,1.55543397500857,0.568584064625735
1.70609005432855,1.56009440454022,0.562554411509948,1.5597828442869,0.562431774064704
1.71377731558618,1.56439605240291,0.556508988726726,1.56408188135475,0.556448652022653
1.72146457684381,1.56865129058187,0.550438177534768,1.56833467235788,0.550567083615549
1.72936838644198,1.57297676407638,0.544259972165934,1.57266402343849,0.544265356227632
1.73727219604016,1.57725357489214,0.538094875770162,1.5769428921451,0.537911192947469
1.74517600563834,1.5814824981427,0.531873512791675,1.5811681780235,0.531782095998165
1.75307981523652,1.58566232755869,0.525618059437728,1.58534470615124,0.525789360550701
1.76072272190378,1.58965600390693,0.519644200569853,1.58934295053942,0.519694030259881
1.76836562857103,1.59360422984255,0.513690124693285,1.5932937799545,0.513519568003835
1.77600853523829,1.59750789477851,0.507675546170975,1.5971936367446,0.507587116330757
1.78365144190555,1.60136568114636,0.501622787750011,1.60104779118356,0.501807384252296
1.79079348958241,1.60492780114682,0.496031155985956,1.60461361955436,0.496148516224497
1.79793553725928,1.60845015521089,0.490461084831968,1.60813835296289,0.490403405756433
1.80507758493614,1.61193340512485,0.484849550227467,1.61161934426401,0.48482414909042
1.81221963261301,1.61537665146767,0.479211929585624,1.61506019114181,0.479349236573774
1.8192373816977,1.61872005256308,0.473715596503953,1.61840586959735,0.473796921492145
1.82625513078238,1.62202497136735,0.468230542489282,1.6217122249175,0.468199490142516
1.83327287986707,1.62529177771073,0.462717889749999,1.62497777778137,0.462712453691335
1.84029062895176,1.62851994717339,0.457191132723947,1.62820462586817,0.457281834387228
1.84785509818271,1.63195569370726,0.451270163047183,1.6316420991393,0.45128273583204
1.85541956741366,1.63534670086028,0.445351888769193,1.63503399396565,0.44527285568176
1.8629840366446,1.63869325742407,0.439403807059406,1.63837915518074,0.439382205258667
1.87054850587555,1.64199486911833,0.433444651740295,1.64167955990578,0.43353584927287
1.87884069863388,1.64556173344299,0.426964868400191,1.64524898382216,0.426916418249607
1.88713289139221,1.64907492919066,0.420483787884929,1.64876326599854,0.420302175926981
1.89542508415053,1.65253493898026,0.413950097776868,1.65222047595927,0.413898371975549
1.90371727690886,1.65594085696603,0.407398033012024,1.65562423708738,0.40756806665125
1.91183784381914,1.6592226601267,0.40107021098533,1.65891053878838,0.401014250202106
1.91995841072941,1.66245320372826,0.394743877394221,1.66214311601214,0.394454480010626
1.92807897763969,1.66563332860812,0.388330977099978,1.66531860540906,0.38824097663168
1.93619954454996,1.66876151653635,0.381885112602908,1.66844307989886,0.382159330064043
1.94326010482605,1.67143781868183,0.37637183241083,1.67112361306083,0.376506812308965
1.95032066510215,1.67407533672436,0.370874398313601,1.67376366530383,0.370790910174492
1.95738122537824,1.67667472312264,0.365319093949884,1.67636062679305,0.36530648910597
1.96444178565433,1.67923498564384,0.359738967754451,1.67891846645982,0.359921355364313
1.97084466011863,1.68152212496122,0.35472538411757,1.68120745852316,0.354850810513917
1.97724753458294,1.68377721493621,0.349720058663465,1.68346377650732,0.349747232932413
1.98365040904724,1.68600046702267,0.344694543029228,1.6856865745969,0.344724416071441
1.99005328351154,1.68819157676542,0.339661213210506,1.68787707061261,0.339732855948406
1.99242836361006,1.68899608699812,0.337798374485812,1.68868174512499,0.337864396540593
1.99480344370858,1.68979617348478,0.335936046448284,1.68948197931605,0.33599389438412
1.9971785238071,1.69059183721557,0.334073983403606,1.69027776922511,0.334122332256245
1.99955360390562,1.69138307857282,0.33221201527792,1.69106911332283,0.332250390452401
2.00097860271709,1.69185649399845,0.333502444446348,1.69153853085994,0.32149697844246
2.00240360152856,1.69233579681328,0.340196874447048,1.69197643068101,0.289127563103437
2.00382860034004,1.69282890560355,0.352378403115552,1.69235113844113,0.234809753093191
2.00525359915151,1.69334257708682,0.369063186264329,1.69263562727006,0.162478925161857
2.00590935224553,1.693587441735,0.377821366440756,1.69272992835656,0.124873029315252
2.00656510533954,1.69383824771928,0.387146349782333,1.6927987767311,0.0849999208080445
2.00722085843355,1.69409531818332,0.39693983721482,1.69284087981904,0.0432527959371982
2.00787661152756,1.69435892574441,0.407109742413898,1.69285514715123,-9.93649607039515e-15
2.00787661152756,1.69435892574441,0.407109742413898,1.69285514715123,0
2.00917524872682,1.69490173491237,0.429511950664692,1.69285514715123,0
2.01047388592608,1.69547609814021,0.455663249627472,1.69285514715123,0
2.01177252312534,1.69608674161134,0.485332344291109,1.69285514715123,0
2.0130711603246,1.69673807021643,0.51828112282717,1.69285514715123,0
2.01668791038464,1.69879838275227,0.625327417783142,1.69285514715123,0
2.02030466044468,1.70128039198838,0.750371047328112,1.69285514715123,0
2.02392141050472,1.70424091415392,0.887704736645752,1.69285514715123,0
2.02753816056476,1.70771240406473,1.0317831312899,1.69285514715123,0
2.03162414882014,1.71226331514565,1.19596654167886,1.69285514715123,0
2.03571013707553,1.71747496183211,1.3540133339388,1.69285514715123,0
2.03979612533091,1.72330917788783,1.49848962812849,1.69285514715123,0
2.04388211358629,1.7296956668479,1.62290253560686,1.69285514715123,0
2.04839963768002,1.73728641541498,1.73012762007488,1.69285514715123,0
2.05291716177376,1.74527256965686,1.79771879989281,1.69285514715123,0
2.05743468586749,1.75345794592204,1.8193937632174,1.69285514715123,0
2.06195220996122,1.76163096005027,1.79134736444919,1.69285514715123,0
2.06487102609075,1.76680422026073,1.74586714479665,1.69285514715123,0
2.06778984222029,1.77181535712943,1.67905765183875,1.69285514715123,0
2.07070865834982,1.77659569294413,1.59203736159472,1.69285514715123,0
2.07362747447936,1.78108781291113,1.48656636313007,1.69285514715123,0
2.07362747447936,1.78108781291113,1.48656636313007,1.69285514715123,0
2.07362780373299,1.78108830236639,1.48655348080394,1.6928551471595,5.02373132609864e-05
2.07362813298662,1.7810887918174,1.48654059868548,1.69285514718431,0.000100473795870464
2.07362846224025,1.78108928126417,1.48652771677471,1.69285514722566,0.000150709447693135
2.07362879149389,1.7810897707067,1.48651483507167,1.69285514728355,0.000200944268593706
2.07363043776204,1.78109221785572,1.48645042967274,1.69285514782111,0.000452105908053377
2.0736320840302,1.78109466489872,1.48638602946919,1.69285514877212,0.000703246766025867
2.07363373029836,1.78109711183571,1.4863216344631,1.69285515013656,0.000954366834140454
2.07363537656652,1.78109955866668,1.48625724465661,1.69285515191439,0.00120546610382517
2.07364360790731,1.78111179123177,1.4859353736918,1.69285516700328,0.00246065018181429
2.0736518392481,1.78112402114795,1.48561363303285,1.69285519242186,0.00371531303635107
2.0736600705889,1.78113624841632,1.48529202294281,1.69285522816586,0.00496945361524409
2.07366830192969,1.78114847303795,1.48497054368446,1.69285527423096,0.00622307086734072
2.07370945863365,1.78120955648271,1.48336511904348,1.69285565922184,0.0124832705249352
2.07375061533761,1.78127057392149,1.48176300443178,1.69285630158989,0.0187302300654144
2.07379177204157,1.78133152549119,1.48016423234466,1.69285720078748,0.0249638195075411
2.07383292874553,1.78139241133004,1.47856883508161,1.69285835626172,0.031183909653404
2.07403871226533,1.78169585947736,1.47064358764155,1.69286795811918,0.0620774048819472
2.07424449578513,1.78199768584751,1.46280744202092,1.6928838809163,0.0926144928327723
2.07445027930493,1.78229790918341,1.45506421017177,1.69290604968133,0.122779925697679
2.07465606282473,1.78259654896567,1.44741757592015,1.69293438649183,0.152558968172458
2.07568498042373,1.78406667911578,1.4107505324499,1.69316585305318,0.295189669394955
2.07671389802273,1.78550056307973,1.37697604548374,1.69353815013247,0.42625014460112
2.07774281562173,1.78690138341895,1.34640439702724,1.694038547484,0.544499265768659
2.07877173322074,1.788272485415,1.31924908238438,1.69465366398157,0.649083051681608
2.08162423770817,1.7919379235887,1.26173173046669,1.69688011494862,0.867959231743657
2.08447674219561,1.79548301036909,1.23171630618456,1.69955604275689,0.976827701263481
2.08732924668304,1.79899171165036,1.22660641251842,1.70234558382967,0.986074048319348
2.09018175117048,1.80250974762346,1.23694177253502,1.70506585740317,0.933539380644266
2.09176512024611,1.80447465779009,1.24554026606192,1.70651357667972,0.892932266283873
2.09334848932174,1.8064547061714,1.25589561402272,1.70789090540346,0.845297734187892
2.09493185839738,1.80845207569185,1.26697178607198,1.70918911187647,0.794779905738067
2.09651522747301,1.81046708267515,1.27794873405641,1.71040693080396,0.744658973547543
2.09809859654865,1.81249883841083,1.28815599656667,1.71154791702779,0.697616783253739
2.09968196562428,1.814545668405,1.29697357636734,1.71261876852349,0.656133323798238
2.10126533469991,1.81660500216724,1.30397299158712,1.71362976725279,0.621922522666358
2.10284870377555,1.81867385828926,1.30893093819053,1.71459283884886,0.595877595999939
2.10489414683149,1.82135565858166,1.31216826689714,1.71578563747431,0.574901962621955
2.10693958988743,1.82404028934719,1.31191154713771,1.7169506968297,0.567902523108181
2.10898503294337,1.82672034073158,1.30852731448202,1.71811765633213,0.57341313517943
2.11103047599931,1.82939068850526,1.3025829735345,1.71930701289982,0.589164180417993
2.11290136736375,1.83182142744509,1.29544956259639,1.72042741680443,0.610356446456395
2.11477225872819,1.83423777278795,1.28731188290403,1.72159166017672,0.635565787511746
2.11664315009263,1.83663806619733,1.27876306835532,1.72280637636276,0.662419667992514
2.11851404145707,1.83902221622798,1.27021783708105,1.72407193114356,0.689259215375542
2.12024358904184,1.84121245199548,1.26259974284397,1.72528483445487,0.712944847601198
2.12197313662662,1.84339001556417,1.25556583778579,1.72653668856348,0.734293723111292
2.12370268421139,1.8455560594363,1.24930563257464,1.72782288346035,0.752547799233244
2.12543223179616,1.84771195148239,1.24386628670953,1.72913794766346,0.76751843797104
2.12747664054211,1.85024906062634,1.23845321701804,1.73072231656708,0.781148456817923
2.12952104928805,1.85277629136725,1.23412521761872,1.73232979830453,0.790438194496122
2.13156545803399,1.85529586365397,1.2307461596845,1.73395151308038,0.795932166313912
2.13360986677993,1.85780926628771,1.22804761640294,1.73558150568982,0.798704079521105
2.13678233732317,1.86169900667367,1.22453567248955,1.73812044218088,0.800303080762975
2.1399548078664,1.86557829293472,1.22130570698123,1.74066170180144,0.800774168384594
2.14312727840964,1.86944780662934,1.21780269351763,1.74320255831764,0.802337447827323
2.14629974895288,1.87330522829934,1.21351867522429,1.74575228956217,0.807024746589038
2.1484950714883,1.87596562767752,1.20996593809841,1.74752917549849,0.812621249463576
2.15069039402372,1.87861785503402,1.20611545757691,1.74931983803487,0.819408725920565
2.15288571655914,1.88126115302638,1.2020952032603,1.75112730654119,0.826875297558026
2.15508103909456,1.88389543649871,1.197963320295,1.75295192164104,0.834788383790225
2.15727636162998,1.88652083325631,1.19373855294656,1.75479317211319,0.843073007555004
2.1594716841654,1.8891370135897,1.18958264368387,1.75665237679555,0.851082198976785
2.16166700670082,1.89174405235824,1.18560960281236,1.75852923625068,0.858359916833816
2.16386232923624,1.89434248061796,1.18179175556351,1.76042162625446,0.865016860200247
2.16613943678638,1.89702918164403,1.17790820376686,1.76239865289138,0.871615697360124
2.16841654433651,1.89970723569271,1.17419322195715,1.76438992063934,0.877540254572217
2.17069365188665,1.90237690741858,1.17067564087239,1.76639437087995,0.882675208884529
2.17297075943678,1.90503864469103,1.16725498497982,1.76841021213569,0.887422462428068
2.1754045742769,1.90787518289254,1.16355129736195,1.77057578948868,0.892686923466912
2.17783838911702,1.91070273318288,1.15988053462642,1.77275407485021,0.89781968497643
2.18027220395714,1.91352116125577,1.15628190548138,1.77494560544538,0.902663912123969
2.18270601879726,1.91633075233967,1.15266473973577,1.77714924036035,0.907582285673757
2.18517467670237,1.91917182371588,1.14884269007202,1.77939564776495,0.913183470709121
2.18764333460748,1.9220034054587,1.14500445269121,1.78165609978037,0.918849406612722
2.19011199251259,1.92482520138884,1.14124517432926,1.78393178112381,0.924199506440831
2.1925806504177,1.92763764550613,1.1374988071313,1.78622095579584,0.929497961613021
2.19497961875938,1.93036217370658,1.13375378170943,1.78845668227932,0.935064511527729
2.19737858710107,1.93307773174332,1.1300402432894,1.79070570660491,0.940505113435108
2.19977755544275,1.93578418566255,1.12644046433188,1.79296856458787,0.945490677492441
2.20217652378443,1.93848198152653,1.12288289969745,1.79524347197916,0.950307384257409
2.20457815645394,1.94117454361415,1.11923856239457,1.79753120541154,0.955460726873727
2.20697978912345,1.94385837541568,1.11563001760835,1.79983122698616,0.960470899423469
2.20938142179296,1.94653335088564,1.11212602070142,1.80214404088493,0.965062880456006
2.21178305446248,1.94919987581674,1.10864909495354,1.80446802393701,0.969546576852383
2.21421450038659,1.9518913042308,1.10502557268177,1.80683059244086,0.97449967213324
2.2166459463107,1.9545739173812,1.1014194730232,1.80920522358883,0.979383076961271
2.21907739223482,1.95724752203822,1.0979060156172,1.81159269029981,0.983895912779067
2.22150883815893,1.95991253022326,1.09440994591228,1.81399134448819,0.988339197792539
2.22394738934541,1.9625771171361,1.09079107482483,1.81640654415311,0.993245807286581
2.22638594053189,1.96523286847843,1.08718660682842,1.81883375190888,0.998094804416452
2.22882449171837,1.9678795756779,1.08367727499517,1.821273802045,1.00256325689369
2.23126304290486,1.97051767216958,1.08018897967014,1.82372496082116,1.00694756333807
2.23370250252653,1.97314858324244,1.07658948890107,1.82618635826047,1.01177308685892
2.23614196214821,1.9757707058649,1.07300673272133,1.82865955792163,1.01653167202239
2.23858142176989,1.97838383583769,1.06952043063881,1.83114537660169,1.02090444079703
2.24102088139156,1.98098840828937,1.06605517993497,1.83364207378641,1.0251930040569
2.24346993890182,1.98359507117856,1.06246392373298,1.83615773278889,1.02994792719464
2.24591899641207,1.98619292708094,1.05888668147195,1.83868508404697,1.03464679456854
2.24836805392232,1.98878175844984,1.05540356393769,1.84122499774727,1.03896916303536
2.25081711143257,1.99136200142778,1.05193837824918,1.84377572931978,1.04321980411918
2.25327715057544,1.9939456232418,1.04834020850871,1.84634696834492,1.04795928948443
2.25573718971831,1.99652037651948,1.04475289724546,1.84892993428132,1.05265534094081
2.25819722886118,1.99908602856325,1.04125864463034,1.85152555791925,1.05697915780467
2.26065726800405,2.00164302239539,1.03778077587624,1.85413206716961,1.06123743922444
2.26312645864311,2.00420128541841,1.03416918022752,1.85675736481448,1.06599471775164
2.26559564928217,2.00675061136597,1.03056697704723,1.85939448651615,1.07071442640515
2.26806483992122,2.00929075878728,1.02705777861656,1.86204439807773,1.07506211606019
2.27053403056028,2.01182217623147,1.02356392900682,1.86470530530274,1.07934841043149
2.27301331773495,2.01435563065169,1.01993181475479,1.86738627783051,1.08414814456616
2.27549260490963,2.01688005832468,1.01630758021578,1.87007923704938,1.08891635984878
2.27797189208431,2.01939520923923,1.0127759327526,1.87278518300416,1.09331422682807
2.28045117925898,2.0219015355246,1.00925791946386,1.87550230717778,1.09765755710959
2.28294206729224,2.02441117577095,1.00559540832742,1.87824150888777,1.10253335701286
2.2854329553255,2.02691166859688,1.00193889039431,1.88099295373039,1.10738518410277
2.28792384335876,2.02940275425591,0.99837447239356,1.8837576806916,1.11186861146328
2.29041473139202,2.03188488860285,0.994821730135788,1.88653386635217,1.11630533585187
2.29291799757725,2.03437081568378,0.991118868502739,1.88933348725543,1.12129396587321
2.29542126376248,2.03684744641863,0.987420198397667,1.89214570441855,1.12626582978264
2.29792452994772,2.03931451193884,0.983813322306822,1.89497159331586,1.13087051763516
2.30042779613295,2.04177247151067,0.980216061155547,1.89780931688226,1.13543674572941
2.30294436991863,2.04423479702403,0.976462464273872,1.90067214372589,1.14057609772109
2.30546094370431,2.04668764683025,0.972711263188293,1.90354802214248,1.14570586652839
2.30797751749,2.04913074338127,0.969051541955159,1.90643806232435,1.15046971592591
2.31049409127568,2.05156454835735,0.965399029008591,1.90934041755039,1.15520473217717
2.31302524785498,2.05400356155892,0.961582785603919,1.91227010316751,1.16053744737867
2.31555640443429,2.05643288323758,0.957766952489597,1.91521341477504,1.16586852141876
2.31808756101359,2.05885222695189,0.954042172189124,1.9181714981387,1.17083538420346
2.3206187175929,2.06126205577488,0.950321735644319,1.92114250096639,1.17578487196549
2.32316584320501,2.06367795810559,0.946429175003093,1.92414338957623,1.18136019362845
2.32571296881713,2.06608391091528,0.942534794920865,1.9271586179511,1.18694279305541
2.32826009442925,2.06847961857965,0.938730897845062,1.93018936858825,1.19216346045667
2.33080722004137,2.07086554434304,0.934927957028128,1.93323378851032,1.19738030282245
2.33337185694122,2.07325846015555,0.930943293378939,1.93631106913216,1.20325532222417
2.33593649384108,2.07564111917719,0.926954257930837,1.93940356734732,1.20914782882155
2.33850113074094,2.0780132162028,0.923054900948419,1.94251250397646,1.21468162155618
2.34106576764079,2.08037521296956,0.919152448230276,1.94563603207081,1.22022779723372
2.34364972840053,2.08274525376792,0.915057054627487,1.94879600507115,1.22646990962368
2.34623368916026,2.08510467136326,0.910954268321218,1.95197227091156,1.23274159282755
2.34881764992,2.0874531502612,0.906939985788635,1.95516609156957,1.23865926093668
2.35140161067973,2.08979114847387,0.90291770437138,1.95837563499669,1.2446089245845
2.35400703503344,2.09213840489465,0.89868923970083,1.96162596030281,1.25129909810277
2.35661245938714,2.09447459961479,0.894449716027252,1.96489389537314,1.25803350763316
2.35921788374084,2.09679940579967,0.890296989770448,1.96818074754623,1.26442072749644
2.36182330809454,2.09911327481404,0.886130288372238,1.97148471136307,1.27086384792535
2.36445275111527,2.10143781757604,0.881741600742927,1.97483475558879,1.27810066402928
2.36708219413599,2.10375077104436,0.877337323956059,1.97820402656864,1.28539983676343
2.36971163715672,2.1060517956117,0.873017397170208,1.98159388273179,1.29236160949351
2.37234108017744,2.10834133208759,0.868676161792169,1.98500256084007,1.29940861659234
2.37499766073255,2.11064323880724,0.864093808032233,1.98846390376738,1.30731360953382
2.37765424128767,2.1129329167415,0.859490186903576,1.99194646851916,1.31530367195019
2.38031082184278,2.11521001160991,0.854967453525083,1.99545167221734,1.32297018336589
2.38296740239789,2.11747494840693,0.850414357107565,1.99897781488403,1.3307581469377
2.38565501055336,2.11975434059246,0.845596621884808,2.00256495284516,1.33948291342668
2.38834261870883,2.12202072171149,0.840750433604161,2.00617579108797,1.34832149214722
2.39103022686429,2.12427372038599,0.835980312725681,2.00981181512452,1.35685580125908
2.39371783501976,2.12651373869564,0.83116860381912,2.01347141663619,1.36555646248327
2.39644143115274,2.1287708377835,0.826062870332664,2.01720276089751,1.37529200520328
2.39916502728572,2.13101395846441,0.820919559408702,2.02096091064919,1.38517785767331
2.4018886234187,2.13324270936858,0.815845734151528,2.02474743137042,1.39478576747619
2.40461221955168,2.13545746008425,0.810716401844892,2.02856084470825,1.40461570547692
2.40737828179768,2.13769268028767,0.805255702142484,2.03246017503416,1.41560447603325
2.41014434404368,2.13991271123857,0.799745898831044,2.03639023945241,1.42678966102571
2.41291040628968,2.14211713855699,0.794296835106302,2.04035269548278,1.43773188767139
2.41567646853568,2.1443062865497,0.78877512859871,2.0443462458982,1.44896468544846
2.41849367254079,2.14652038644896,0.782873793060237,2.04844486553743,1.46151531908628
2.4213108765459,2.14871776138939,0.776909084461145,2.05257924164282,1.47431944496659
2.42412808055101,2.15089797197814,0.770994009925891,2.05675113178585,1.48692503459155
2.42694528455613,2.15306128067416,0.764985671964395,2.06095948613073,1.49990367792147
2.42982555566785,2.15525561237734,0.758534408582335,2.06529947640241,1.51440654760732
2.43270582677957,2.15743124560979,0.752003005079776,2.06968170720341,1.52922997777516
2.43558609789129,2.15958771822147,0.745508389682319,2.0741080271339,1.5439062555226
2.43846636900301,2.16172521108913,0.738897125330325,2.0785777126868,1.55904912908818
2.44142654008079,2.16390213598538,0.731759256699283,2.08321692059567,1.57598489230316
2.44438671115856,2.16605779833699,0.724524131966731,2.08790679419038,1.59330967992417
2.44734688223634,2.16819172859743,0.717314331879057,2.09264921165714,1.61053316896567
2.45030705331411,2.17030400823287,0.70996546358103,2.09744384713125,1.62831293084858
2.45337148919223,2.17246759346166,0.701980495609934,2.10246351665212,1.64822795634723
2.45643592507035,2.17460657368708,0.693888524300966,2.1075447568158,1.66857099519736
2.45950036094847,2.17672052458212,0.685822092395787,2.1126892649303,1.68881187643233
2.46256479682659,2.17880943241708,0.677607383629427,2.11789709591444,1.70964586511203
2.46576940538203,2.18096658551804,0.668622030075396,2.12341294616154,1.73301239535663
2.46897401393746,2.18309485962143,0.659550792511739,2.12900401481817,1.75672246163973
2.4721786224929,2.18519403253517,0.650547285343872,2.1346711906526,1.78016160633968
2.47538323104833,2.1872640905349,0.641434998776568,2.14041452856237,1.80403586863738
2.47878066253339,2.18942623662221,0.631425084076383,2.14658931185039,1.83074400629075
2.48217809401844,2.19155451617698,0.621448165124629,2.15285426833889,1.8573201609504
2.4855755255035,2.19364935722689,0.611706706795691,2.15920768591718,1.88295447311878
2.48897295698856,2.19571115007565,0.60203993147509,2.16564800337033,1.90829005325382
2.49043475002236,2.19658813545191,0.59785189662667,2.16844562560536,1.91930611678287
2.49189654305616,2.19745902921454,0.593704774457899,2.17125922933914,1.93015852959332
2.49335833608996,2.19832390693795,0.589607613412335,2.17408851227404,1.94081109791095
2.49482012912376,2.19918283858309,0.585568889141237,2.1769331945663,1.95122991913071
2.49628192215756,2.2000363662316,0.581459867554884,2.17979110788937,1.96192992961149
2.49774371519136,2.20088358263505,0.577303930981569,2.18266588123691,1.97281760004012
2.49920550822516,2.20172432808543,0.573752207572003,2.18555815344098,1.98128841781376
2.50066730125896,2.20256104092297,0.572009035432425,2.18845817114067,1.98252503050744
2.5019923517723,2.20332009580463,0.57465951052316,2.19107721608868,1.96672363193013
2.50331740228565,2.20408616358057,0.582440452880908,2.1936613198618,1.93040036428478
2.50464245279899,2.20486542719006,0.594356231343081,2.19618575070297,1.87753775222172
2.50596750331234,2.20566274376527,0.609509329833094,2.19863108008342,1.8117258600473
2.50801285095032,2.20693732355371,0.637419683743065,2.20221679608769,1.69205850027596
2.51005819858831,2.20827234143022,0.668373714330458,2.20554434389381,1.56021643379492
2.5121035462263,2.2096717411073,0.700088548661681,2.20859794865174,1.42533115233857
2.51414889386428,2.21113553368601,0.730931773764968,2.2113775659573,1.29393230779396
2.51646582882489,2.2128679533355,0.763300552364151,2.21420939749764,1.15536554061183
2.51878276378549,2.21467054615953,0.791614532855435,2.21673947157161,1.03301796586129
2.52109969874609,2.21653228036847,0.815117066930231,2.21901191533775,0.929916176776707
2.52341663370669,2.21844266184691,0.833576050303414,2.22106870525773,0.846988590498569
2.52562527228704,2.22029930183013,0.84656965536542,2.22286753909881,0.786347472461266
2.52783391086739,2.22217983240063,0.855375960219224,2.22455166898764,0.742455555256773
2.53004254944773,2.22407500062553,0.860477850099298,2.2261581066558,0.713381297947197
2.53225118802808,2.22597772218893,0.86237692542114,2.22771518936683,0.697118298870549
2.53445982660843,2.22788211809083,0.861607356622419,2.22924643312078,0.691529876276152
2.53666846518877,2.22978245852345,0.85880535238519,2.23077475714875,0.69407119543579
2.53887710376912,2.23167467159773,0.854548846674901,2.23231644900694,0.702430520487664
2.54108574234947,2.23355623499224,0.849294759853798,2.23388159798116,0.714780169982797
2.54343863879219,2.23554722377073,0.843037965604889,2.23558179519292,0.730574581337177
2.54579153523492,2.23752320661544,0.836566014029209,2.23732029239835,0.747229621998639
2.54814443167764,2.23948408758493,0.830229577361213,2.23909747336323,0.763342603029365
2.55049732812037,2.24143039932018,0.824244439968086,2.24091120752363,0.778050386960618
2.55359738463111,2.2439739074491,0.817126762918728,2.24335113703856,0.794356473409901
2.55669744114185,2.24649711517823,0.811068656219314,2.24583455713783,0.806424278459409
2.55979749765259,2.24900381640449,0.806096720247559,2.2483462922337,0.814147400598283
2.56289755416333,2.25149667949908,0.802098960383854,2.25087566884139,0.817973818304954
2.56661514280465,2.25447071026281,0.798403897510814,2.2539208161467,0.818166251968583
2.57033273144597,2.25743274976003,0.795543809897957,2.25695969701222,0.815018784591477
2.57405032008729,2.26038613931317,0.793122319097796,2.25997894614819,0.810116929963588
2.57776790872861,2.26333128499185,0.790949609680121,2.2629769392761,0.804219949805757
2.58117287922677,2.26602129000497,0.789077697242896,2.26570515768986,0.798346495319866
2.58457784972493,2.26870480782909,0.787143643517733,2.26841383069385,0.792721605985727
2.58798282022309,2.27138148774428,0.785066129951165,2.27110436116783,0.787670556017211
2.59138779072126,2.27405086548849,0.782838946946769,2.27377860616002,0.783218183800008
2.59642837702348,2.27798864449453,0.779270398367046,2.27770938854093,0.777713117468956
2.60146896332571,2.28190757226102,0.775431738076673,2.28161587680975,0.773288497980507
2.60650954962794,2.28580569005147,0.771447603919187,2.28550590591243,0.769445773960511
2.61155013593017,2.28968337689273,0.76740718595805,2.28937795974159,0.76582818515512
2.6166144573158,2.29355948764405,0.763309517043694,2.29324718318259,0.762346463695337
2.62167877870142,2.29741487427871,0.759222718379522,2.29709866288454,0.758821261234814
2.62674310008705,2.30124954966559,0.755195656364284,2.30093234737187,0.755057112178557
2.63180742147268,2.30506384857739,0.751196942574558,2.30474689755383,0.751179570220255
2.63819301633036,2.30984438589371,0.746157824557862,2.30952883186163,0.746278968065525
2.64457861118803,2.31459289272,0.741148767200027,2.3142788838052,0.74125812327535
2.65096420604571,2.31930975008989,0.736147888282341,2.31899552925012,0.736204564724583
2.65734980090338,2.32399469999267,0.731137898448881,2.32367980023916,0.731187449836908
2.66581829226737,2.33015788542842,0.724507776355407,2.32984494750739,0.724477578098487
2.67428678363137,2.33626500144706,0.717880864526826,2.33595296142639,0.717754865300492
2.68275527499537,2.34231645971619,0.711221062339736,2.34200219532581,0.711163713936531
2.69122376635936,2.34831156145509,0.70454260131483,2.34799544432852,0.704647197923839
2.7010318282693,2.35518230135058,0.696928983272151,2.35487575726608,0.69661483515997
2.71083989017923,2.36197876650796,0.689318571410688,2.36167568789637,0.688569647671238
2.72064795208917,2.36870317726686,0.681543416749334,2.36838635486079,0.681183431382068
2.7304560139991,2.37535143367051,0.673653221228716,2.37502415798651,0.674257378529961
2.73623372425877,2.37922994909084,0.669096640373075,2.37890895723163,0.669811966893585
2.74201143451844,2.38308242131809,0.664606943741286,2.38276693853286,0.665099018361802
2.74778914477811,2.38690964634697,0.660099209010117,2.3865949179113,0.660458222227541
2.75356685503777,2.39071093705504,0.655575229169449,2.39039564385672,0.655882406531274
2.75934456529744,2.39448562422521,0.651074663319406,2.3941717932375,0.651212934872508
2.76512227555711,2.39823428163668,0.646565976002746,2.39792107093681,0.646575949080212
2.77089998581678,2.40195689026212,0.642033878277714,2.401643553064,0.642032604921399
2.77667769607645,2.40565331899226,0.63749597909533,2.40533976405614,0.637512466591999
2.78522080394138,2.41107104156254,0.630800803251562,2.41075680322815,0.630770014705052
2.79376391180632,2.41643146088773,0.624092100114553,2.41611666344918,0.624081671991071
2.80230701967126,2.4217343516566,0.617373273950991,2.42142024596408,0.617433821383302
2.8108501275362,2.42697989726285,0.610671949232892,2.4266668171981,0.610715964993678
2.82464146043889,2.43533255267677,0.600252127739805,2.43499352921579,0.598278060655882
2.83843279334157,2.44353375870207,0.589212150662302,2.44317969060063,0.588320778655745
2.85222412624426,2.45157548122454,0.577361617124931,2.45125743780948,0.581605722495083
2.86601545914695,2.45946457382577,0.566934620963146,2.45919935651596,0.569196516832073
2.86996530523308,2.46169918025276,0.564402830467598,2.46143577769765,0.563824482772302
2.87391515131921,2.46392324088832,0.561628628269019,2.46365316260623,0.559422095524653
2.87786499740533,2.46613561616738,0.558662389927065,2.46585606950195,0.555787852850504
2.88181484349146,2.46833594642081,0.555561603420706,2.4680459370614,0.552691802833976
2.88576468957759,2.47052409816222,0.552369795790432,2.47022329923011,0.54995983731311
2.88971453566372,2.47269955650382,0.549140190304785,2.47239021555924,0.547379063213729
2.89366438174984,2.47486217456734,0.545919917188567,2.47454727356185,0.544760959636638
2.89761422783597,2.47701207210259,0.542715791452259,2.4766939942387,0.542078266539907
2.90277272284126,2.47980081196497,0.538553412094181,2.47948152065886,0.538485849571448
2.90793121784656,2.4825682546776,0.53444457123648,2.48224981776051,0.534679278601481
2.91308971285185,2.48531477692152,0.530384797140377,2.48499737881952,0.530676440585122
2.91824820785714,2.48804042457013,0.526344008747162,2.48772402034223,0.526597659757209
2.92649090136171,2.49235174126353,0.519958325246697,2.4920400038499,0.519796064447174
2.93473359486627,2.49661037835447,0.513544449533768,2.4963001013743,0.513107237986991
2.94297628837083,2.50081702353177,0.50699167708467,2.50050156216017,0.506973998471483
2.95121898187539,2.50496993801295,0.500426580082565,2.50465134133735,0.500890057168009
2.9584828172367,2.50858384488447,0.494805494109824,2.50827064031049,0.49487111110118
2.96574665259801,2.51215694290042,0.489171772316367,2.51184613150037,0.488902708317214
2.97301048795933,2.51568984366017,0.483419296401997,2.51537536850957,0.483409322016901
2.98027432332064,2.51918115427349,0.477647131078948,2.51886392289899,0.477994693351306
2.98281819471313,2.52039369091175,0.475654189801688,2.52007732820729,0.475984307116237
2.98536206610561,2.52160116262259,0.473664833230072,2.52128559991606,0.473959582058594
2.98790593749809,2.5228035772321,0.4716774755948,2.52248870672091,0.471926861255573
2.99044980889058,2.5240009379193,0.4696910494225,2.5236866359058,0.469890414600666
2.99196982977519,2.52471397615635,0.468504224902774,2.52439995388964,0.468673150728368
2.99348985065979,2.52542521027573,0.467317233395896,2.52511142208543,0.467456554804678
2.9950098715444,2.52613463990816,0.466129947166252,2.52582104197026,0.466241137772054
2.99652989242901,2.52684226455783,0.464942270540316,2.52652881552745,0.465027282324598
2.99804991331362,2.52754808377877,0.463611523834833,2.52723474454078,0.464385707195329
2.99956993419822,2.52825208228602,0.463018710513899,2.52793889015019,0.460792398527863
3.00108995508283,2.52895691372926,0.465153712417466,2.52863063775685,0.446287828962395
3.00260997596744,2.52966880042358,0.472612316380001,2.52928509810049,0.410488851161053
3.00409038073292,2.53037782126551,0.486097320161398,2.52985103456995,0.35073972773574
3.00557078549839,2.53111016866937,0.503952436521746,2.53031506496012,0.273510153994624
3.00705119026387,2.53187143636021,0.524944599486485,2.5306548143707,0.183732393835943
3.00853159502934,2.53266547650554,0.548008935066257,2.53085487413177,0.0856659432171279
3.0088411328345,2.53283588472481,0.553005880322646,2.5308780880482,0.0644635358441372
3.00915067063965,2.53300785571071,0.558043789130561,2.53089467492535,0.0430972742650407
3.00946020844481,2.53318139629662,0.563114667406831,2.5309046074297,0.0215991348125259
3.00976974624997,2.53335651183905,0.568210794523104,2.53090786413516,-3.23352455922077e-15
3.00976974624997,2.53335651183905,0.568210794523104,2.53090786413516,0
3.01150094087611,2.53436651638848,0.59957407446038,2.53090786413516,0
3.01323213550226,2.53543548974441,0.636242585868359,2.53090786413516,0
3.0149633301284,2.53657220958412,0.67771128141425,2.53090786413516,0
3.01669452475454,2.53778450384329,0.723461895329339,2.53090786413516,0
3.02065289213154,2.54087427583913,0.841396938334273,2.53090786413516,0
3.02461125950854,2.5444591660079,0.972360349205981,2.53090786413516,0
3.02856962688554,2.54858033168854,1.10966686492427,2.53090786413516,0
3.03252799426254,2.55324774644956,1.24699589788273,2.53090786413516,0
3.03684074131362,2.55893675132048,1.38964382420719,2.53090786413516,0
3.0411534883647,2.56521068084695,1.51718375673642,2.53090786413516,0
3.04546623541578,2.57199004046192,1.6222312577025,2.53090786413516,0
3.04977898246686,2.57916360148964,1.69860460048422,2.53090786413516,0
3.05456090250554,2.58741994911646,1.74339491402908,2.53090786413516,0
3.05934282254421,2.59577252946236,1.73978487862167,2.53090786413516,0
3.06412474258288,2.60397318331494,1.68425494352559,2.53090786413516,0
3.06890666262156,2.61178543207357,1.57722005039914,2.53090786413516,0
3.07018638168379,2.61378150572458,1.54025953441796,2.53090786413516,0
3.07146610074602,2.61572931229258,1.49997933931891,2.53090786413516,0
3.07274581980825,2.61762382088192,1.4565848041401,2.53090786413516,0
3.07402553887048,2.61946052725081,1.41029553850406,2.53090786413516,0
3.07402553887048,2.61946052725081,1.41029553850406,2.53090786413516,0
3.07402588544859,2.61946101602613,1.41028263919755,2.53090786414387,5.02372535496421e-05
3.07402623202669,2.61946150479699,1.41026974012859,2.53090786416998,0.000100473556884067
3.0740265786048,2.61946199356337,1.4102568412972,2.53090786421351,0.000150708909930723
3.07402692518291,2.61946248232529,1.41024394270341,2.53090786427445,0.000200943312617063
3.07402865807346,2.61946492606781,1.41017945329891,2.53090786484028,0.000452101068105128
3.07403039096401,2.61946736969858,1.41011496983688,2.53090786584132,0.000703235053705401
3.07403212385455,2.61946981321761,1.41005049231961,2.53090786727752,0.000954345260289471
3.0740338567451,2.61947225662492,1.40998602074932,2.53090786914886,0.00120543167892437
3.07404252119783,2.6194844719859,1.40966375218221,2.53090788503096,0.00246050663484399
3.07405118565056,2.61949668455525,1.40934163262965,2.53090791178502,0.00371498553257435
3.0740598501033,2.61950889433425,1.40901966237413,2.53090794940587,0.0049688672421417
3.07406851455603,2.61952110132421,1.40869784169776,2.53090799788832,0.00622215063509131
3.07411183681969,2.61958209448375,1.40709099185061,2.53090840304278,0.0124795534610606
3.07415515908336,2.6196430181127,1.40548792358062,2.53090907895493,0.0187218299784188
3.07419848134702,2.61970387237566,1.40388867172271,2.53091002496644,0.0249488408474416
3.07424180361068,2.6197646574387,1.40229327087252,2.53091124041297,0.0311604476856123
3.074458414929,2.62006755065381,1.39437522562236,2.53092133557651,0.0619826458731857
3.07467502624731,2.6203687396389,1.38655850608435,2.53093806354423,0.0923995412121341
3.07489163756562,2.62066824679957,1.37884716177667,2.5309613346937,0.122394935629813
3.07510824888394,2.62096609535982,1.37124508663537,2.53099105612899,0.151953253381924
3.07619130547551,2.62243126736421,1.33499595915746,2.53123318475438,0.292699849228268
3.07727436206708,2.62385892308572,1.30197204814385,2.53162077561382,0.420545579217381
3.07835741865865,2.62525278123217,1.27248008072609,2.53213895387604,0.534263534823072
3.07944047525022,2.62661669525281,1.24671244020286,2.5327723057441,0.633084182850685
3.08068259460154,2.62814918028483,1.22186521066059,2.53361996722827,0.727599024685172
3.08192471395286,2.62965397654756,1.20203558329663,2.53457232960513,0.802043457806468
3.08316683330417,2.63113736285278,1.18707015176106,2.53560427762744,0.857031107614172
3.08440895265549,2.63260504483809,1.17668918806959,2.53669298874489,0.893680886045495
3.08565107200681,2.63406229830584,1.17051513434505,2.53781735974802,0.913503024609065
3.08689319135813,2.63551427689591,1.1680753298082,2.53895677607736,0.9183881664219
3.08813531070944,2.6369654071399,1.16884500324737,2.54009353160646,0.910435396330673
3.08937743006076,2.63841922759398,1.17228918658632,2.54121347211066,0.891784586640284
3.09092560349008,2.64023924016988,1.17952216036549,2.54256898428739,0.856777658986986
3.09247377691939,2.64207230726731,1.18897799192429,2.543862873174,0.812879300215138
3.09402195034871,2.64392130089123,1.19963130038368,2.54508365075076,0.764191033840937
3.09557012377802,2.6457872357664,1.21063918735859,2.54622725811852,0.714084453404675
3.0971701013939,2.64773317567734,1.22163353338169,2.54732897743928,0.663828757147561
3.09877007900978,2.64969583799018,1.23150656746905,2.54835376199354,0.618058308633416
3.10037005662565,2.65167299418644,1.23971432137929,2.54931052585521,0.578948980827774
3.10197003424153,2.65366177682691,1.24594263041898,2.55021073878109,0.547757432504299
3.10385439193623,2.65601470344074,1.25051721296756,2.55121544291238,0.52206488271596
3.10573874963093,2.65837323183118,1.25202980641987,2.55218380658263,0.508620289312718
3.10762310732563,2.66073137236623,1.25065041294134,2.55313978831985,0.506743643632872
3.10950746502033,2.66308444580888,1.24674193021434,2.55410210507212,0.514983354946848
3.1114196105811,2.66546316347291,1.24064912414659,2.55510059207929,0.531851320037393
3.11333175614187,2.6678286428516,1.23304284491283,2.5561376849041,0.55477317779199
3.11524390170264,2.67017818076851,1.22457915757864,2.55722419625231,0.581124667948271
3.11715604726341,2.67251100884961,1.2157551113347,2.55836319962002,0.608917593743546
3.11883147867319,2.67454144402175,1.20805516208302,2.55940380832238,0.633142997898295
3.12050691008297,2.67655928238767,1.20073357306671,2.56048378930529,0.655854961111606
3.12218234149274,2.67856531367574,1.19402289294073,2.56159998365535,0.676123288763559
3.12385777290252,2.68056065768588,1.18802604756391,2.56274791217282,0.693536277418842
3.12578697652206,2.6828465618576,1.18204034895963,2.56410274256309,0.709908876832879
3.1277161801416,2.68512198068059,1.17709873360365,2.56548490990065,0.722105143253746
3.12964538376114,2.68738896665688,1.17314669396687,2.56688620417746,0.730343106797814
3.13157458738068,2.68964911973783,1.16999407936769,2.56830022558801,0.735383370191451
3.13424095865038,2.6927635873731,1.1665274001938,2.57026776562408,0.738787246024697
3.13690732992008,2.69586985817597,1.1637085871607,2.57224019517143,0.739599657294797
3.13957370118978,2.69896952230865,1.16108291346887,2.57421115358132,0.739639511199784
3.14224007245948,2.70206199995963,1.15818403885023,2.57618296009972,0.74077216881206
3.1446350554896,2.70483242254985,1.15507508518872,2.57795947706593,0.743810070047945
3.14703003851971,2.70759482188619,1.15153349614726,2.5797455792045,0.748578512803607
3.14942502154982,2.71034793834553,1.14762251982782,2.58154630500799,0.754824504671215
3.15182000457993,2.71309124520064,1.14339419813117,2.58336376138522,0.762339878047646
3.15421498761004,2.71582454653309,1.13887088490724,2.58519873200996,0.771035217533225
3.15660997064016,2.718546883628,1.13428231376185,2.58705505174174,0.779991588704627
3.15900495367027,2.72125790743791,1.12982833530029,2.58893411677036,0.788409589140699
3.16139993670038,2.72395829851866,1.12550232508988,2.59083320487249,0.796315716572167
3.16359669025108,2.72642648906278,1.12157764397618,2.59259008891503,0.803394380094034
3.16579344380179,2.72888623314484,1.11781154323446,2.5943618226563,0.809838722127912
3.16799019735249,2.73133779413699,1.11424941988273,2.59614735260779,0.815467154601896
3.1701869509032,2.73378163675889,1.11081585798597,2.59794481989082,0.820581341255946
3.17254456970748,2.73639629253925,1.10714409707311,2.59988543067453,0.826017088719419
3.17490218851176,2.73900238378357,1.10355336752389,2.60183848857257,0.831128710728308
3.17725980731604,2.74159993483757,1.10006604798645,2.60380389620204,0.835826692690061
3.17961742612031,2.74418923328199,1.09658686295909,2.60578050323996,0.840492136611497
3.18206271631861,2.74686635973849,1.09284970189402,2.60784140535819,0.845845462133711
3.1845080065169,2.74953429827421,1.08909543446642,2.60991559582071,0.851267213105995
3.18695329671519,2.75219277241691,1.08539998098607,2.61200418051641,0.856453708289337
3.18939858691348,2.75484212630209,1.08169722432673,2.61410578290336,0.861669416188586
3.19178856914314,2.75742309760631,1.07796110749918,2.61617101388154,0.86723559322958
3.1941785513728,2.75999513312443,1.07424066881602,2.61824957405705,0.872739057693045
3.19656853360247,2.76255806651417,1.07062021825004,2.62034212879895,0.877842569687736
3.19895851583213,2.76511231785661,1.06703594695415,2.622446997783,0.882801364602109
3.20132465789252,2.76763295461772,1.06340992994213,2.6245413342058,0.888020691205235
3.20369079995291,2.77014503788687,1.05982188345485,2.62664791557921,0.893088135709367
3.20605694201329,2.7726484678786,1.05633821008977,2.62876714104505,0.89773808772475
3.20842308407368,2.77514363125243,1.05288714669271,2.63089746396523,0.902257599868036
3.21081773905621,2.77766083183555,1.04930608871759,2.63306321225843,0.907185205617071
3.21321239403873,2.78016946232974,1.04574777567509,2.63524073922976,0.912021831635655
3.21560704902126,2.7826693673937,1.04227921978217,2.63743066624433,0.916499429055892
3.21800170400379,2.78516092126738,1.0388283233453,2.6396314963424,0.920906388651936
3.22041242761208,2.78766114126588,1.03524972801014,2.64185657664049,0.925761090553628
3.22282315122037,2.79015272477667,1.03168453056842,2.64409339821684,0.930562200881574
3.22523387482866,2.79263548047966,1.02820723218611,2.64634272635184,0.935011714971882
3.22764459843695,2.7951098030745,1.02474796519589,2.6486029822469,0.939389103493836
3.23005603699317,2.79757682905296,1.02118362202744,2.65087321535081,0.944183991273018
3.2324674755494,2.80003525306812,1.01763505430288,2.65315503810703,0.948915777276631
3.23487891410563,2.80248488771241,1.0141775044476,2.65544920014581,0.953283491803105
3.23729035266185,2.80492613652723,1.01074030886401,2.65775408730156,0.957569789242851
3.23970854705898,2.80736621964246,1.0071894896569,2.66007453783017,0.962284071256947
3.2421267414561,2.8097977082491,1.00365371063459,2.66240642015905,0.966938192531864
3.24454493585323,2.81222040859752,1.00020763707134,2.66475050928671,0.971233491970545
3.24696313025036,2.81463472387597,0.996779405695566,2.66710519246016,0.975457422659325
3.24939288451287,2.8170525536342,0.993226017037967,2.66948012822621,0.980136621563607
3.25182263877539,2.81946173621075,0.989684207821204,2.67186648657755,0.984769502704549
3.2542523930379,2.82186206194472,0.986230349923375,2.67426510615771,0.989050578569753
3.25668214730042,2.82425393898457,0.982792059036919,2.67667435437289,0.993269386389464
3.25912180598436,2.82664749116364,0.979226947930373,2.6791024149705,0.99795661013986
3.2615614646683,2.82903232913866,0.975671465124648,2.68154197699334,1.00260532068697
3.26400112335225,2.8314082327233,0.972203742325997,2.68399392118675,1.00690299120578
3.26644078203619,2.83377561654845,0.968750618918521,2.68645658902714,1.0111422641599
3.26889012141219,2.83614425647702,0.965168026448957,2.68893808546627,1.01586142632672
3.2713394607882,2.83850410283654,0.961593786750451,2.69143121507205,1.0205471774093
3.2737888001642,2.84085492765919,0.958107140934656,2.69393688971586,1.02488255296104
3.2762381395402,2.8431971497265,0.954633724403333,2.6964534342715,1.02916501137489
3.27869874131742,2.84554191659363,0.951024923727384,2.69899074676552,1.03394481270491
3.28115934309463,2.84787778245823,0.947422748602741,2.70153990517192,1.0386981118297
3.28361994487184,2.85020451018451,0.943907694337452,2.70410185803379,1.04310292751707
3.28608054664906,2.85252252217389,0.940404021131295,2.7066749157455,1.04746221896791
3.28855341778439,2.85484375192205,0.93675923311926,2.70927022986731,1.05233782468099
3.29102628891973,2.85715594474721,0.933119256460416,2.71187769606151,1.0571941849813
3.29349916005507,2.85945885426143,0.92956605599592,2.7144982998798,1.06170344050422
3.29597203119041,2.86175290656056,0.926022311374363,2.71713033693882,1.06617487265538
3.29845792949942,2.86405055961482,0.922331784299011,2.71978599167406,1.07118231599223
3.30094382780843,2.86633901217572,0.918644340443768,2.72245419927761,1.07617742644864
3.30342972611744,2.86861800926251,0.915043409569079,2.72513597967244,1.08082648498284
3.30591562442645,2.8708879799321,0.911449789057796,2.72782961663094,1.08544630206341
3.30841568057322,2.87316221878124,0.90770266234126,2.73054877747348,1.09062458860962
3.31091573671999,2.87542706097824,0.903956767633603,2.73328099882294,1.09579794712032
3.31341579286676,2.87768224292275,0.900297031178624,2.73602733508076,1.10062667262031
3.31591584901353,2.87992819565766,0.896642051333429,2.73878606207536,1.10543637168116
3.31843138986863,2.88217918679853,0.892825806831466,2.74157261128804,1.11083036737362
3.32094693072372,2.88442054682777,0.889008714320607,2.74437285408788,1.11622775510167
3.32346247157882,2.88665200320159,0.885277294106481,2.74718788065013,1.12128245364278
3.32597801243391,2.88887398792101,0.881547610036377,2.75001596297072,1.1263302076078
3.32851046888713,2.89110178623757,0.877647885340004,2.752874492678,1.13199174727087
3.33104292534035,2.89331967471805,0.873744957566598,2.75574749580034,1.13766609924206
3.33357538179357,2.89552737152819,0.869927031297732,2.75863609967483,1.1430004451951
3.33610783824679,2.89772530825763,0.866107255467399,2.76153857794287,1.148342189394
3.33865886189787,2.89992992531808,0.862107285944815,2.76447463000816,1.15433185067747
3.34120988554896,2.90212430133235,0.858101369644438,2.76742610995831,1.16034529907212
3.34376090920005,2.90430814460202,0.854179484393415,2.77039418458703,1.16602262326935
3.34631193285113,2.90648188445928,0.85025143475233,2.77337713656559,1.17172460502683
3.34888347179842,2.90866330385492,0.846131269074643,2.77639743881995,1.1781145489084
3.35145501074572,2.91083408748031,0.842001866158435,2.77943433547882,1.18454144174406
3.35402654969301,2.9129939328699,0.837955082497062,2.78248903640441,1.19063785756037
3.3565980886403,2.91514326467596,0.833896895383373,2.78555984298767,1.19677988718595
3.35919244839643,2.91730142667789,0.8296324627059,2.78867258110241,1.2036573502128
3.36178680815256,2.91944848031898,0.825354768057384,2.79180334138369,1.21058786112382
3.36438116790868,2.92158411111864,0.821157664281039,2.79495338175392,1.21719600854616
3.36697552766481,2.9237087358336,0.816942752776328,2.79812103518614,1.22387538688195
3.36959548714219,2.92584354637582,0.812504630894004,2.80133625703055,1.23134715342201
3.37221544661957,2.92796667906214,0.808048247561196,2.80457125522611,1.238891965764
3.37483540609695,2.93007780573394,0.803669579328881,2.80782734240741,1.24612591770402
3.37745536557433,2.93217733093786,0.799265222718436,2.8111029003878,1.25346262315656
3.38010434806773,2.93428868287561,0.794616979080483,2.81443308394552,1.26166099040429
3.38275333056112,2.93638766493198,0.789944189596401,2.81778521189595,1.26995754103655
3.38540231305451,2.93847393310993,0.785345095761949,2.82116066022732,1.27795930907028
3.38805129554791,2.94054787393317,0.780710564327367,2.82455788284476,1.28610282750454
3.39073360797641,2.9426356755843,0.775806549249401,2.82801872824028,1.29519349384697
3.39341592040491,2.94471025797588,0.770870035403917,2.83150421827893,1.30441415525947
3.39609823283341,2.94677125859311,0.766001692008899,2.83501580301994,1.31336213487011
3.3987805452619,2.94881903809269,0.761085819402324,2.83855203983648,1.32250023132698
3.40150173022667,2.95088326158702,0.755868248592142,2.84216360644816,1.33269258476598
3.40422291519143,2.95293321126069,0.750608114466931,2.84580321172041,1.3430551914651
3.40694410015619,2.95496850302085,0.745408716742156,2.84947239202469,1.35317485256246
3.40966528512096,2.95698946111481,0.740146831041923,2.85316985037173,1.36354446556167
3.41243265038297,2.95903022459394,0.73454200876321,2.85695822295329,1.37510461338838
3.41520001564498,2.96105538819318,0.728882018695625,2.86077894384404,1.38688543237057
3.417967380907,2.96306454337667,0.72327308331491,2.86463364718738,1.39846203260528
3.42073474616901,2.96505796405435,0.717583387624088,2.86852123734364,1.41036167408043
3.42355817384137,2.96707566860084,0.711497107170947,2.87252101195028,1.42362766570665
3.42638160151373,2.96907608342594,0.705340348198847,2.87655866431977,1.43717557140872
3.42920502918609,2.97105877463253,0.699222766847493,2.88063593004051,1.45056676662781
3.43202845685845,2.97302394824747,0.693002868418498,2.88475198500511,1.46436723015745
3.43492166461458,2.97501950844392,0.686315717225557,2.88901004472566,1.47976288769417
3.4378148723707,2.97699559813326,0.679540881589899,2.89331314003963,1.49550928300175
3.44070808012683,2.97895176394178,0.672792518273552,2.89766308444188,1.51114978903209
3.44360128788296,2.98088812470178,0.665918613664504,2.90205940260323,1.52729246023323
3.44658382258637,2.98286336093243,0.658484161519588,2.90664070894813,1.5453268026367
3.44956635728979,2.98481628752953,0.650946706405218,2.9112763478332,1.56377315691799
3.4525488919932,2.98674645752436,0.643427420106622,2.91596810713338,1.58214683593617
3.45553142669662,2.98865389067995,0.63576393744497,2.92071590779645,1.60109730040659
3.45863179493094,2.9906121925265,0.627419855312632,2.92571224158563,1.62230778398446
3.46173216316526,2.99254450038801,0.618971630038629,2.93077483271569,1.64393484012899
3.46483253139959,2.99445045578374,0.610553775702239,2.93590511510965,1.66544041252306
3.46793289963391,2.99633000835011,0.601996682993551,2.94110329022183,1.68750293840633
3.47119314993,2.99827740467528,0.592620915560134,2.94664517177851,1.71221278597813
3.4744534002261,3.00019420828485,0.583190144935635,2.95226771509122,1.73714264631425
3.47771365052219,3.00208038840492,0.573868406178921,2.95797104325558,1.76163637917923
3.48097390081828,3.00393600450563,0.564489320842303,2.96375491839107,1.78635949836384
3.48445466524777,3.00588276699829,0.554200166688717,2.97002141137125,1.81385759535687
3.48793542967726,3.00779406319075,0.544054832933995,2.97638222746292,1.84078041075445
3.49141619410674,3.00967086326065,0.534284949284422,2.98283348595563,1.86620142573144
3.49489695853623,3.01151399613147,0.52475262333803,2.98937187115537,1.8906722098957
3.49757134097181,3.01290580872735,0.51623971010527,2.99446052526232,1.91422958614954
3.50024572340738,3.01428121171555,0.512775094400139,2.99958675209079,1.91759377229287
3.50292010584296,3.01566174450364,0.521768041586846,3.00466439401048,1.87112770686884
3.50559448827853,3.01708417851266,0.545714683060489,3.00954636533721,1.76484686429707
3.50826887071411,3.01858943726599,0.581402427671637,3.01406897197748,1.61160160917528
3.51094325314968,3.02019716245974,0.621899841688724,3.01815364714686,1.43911767642974
3.51361763558526,3.02191463133027,0.662152774757276,3.0217712818999,1.26761166747833
3.51629201802084,3.0237371271754,0.699390853323408,3.02494074304533,1.1081650765366
3.51847591946764,3.02529525549922,0.726402673628893,3.0272285982369,0.991548166037414
3.52065982091444,3.02690776605712,0.749307007523896,3.02928020926641,0.891361201180154
3.52284372236124,3.02856476570706,0.767803976046868,3.03113514870194,0.808803697811018
3.52502762380804,3.03025731649234,0.78189692711799,3.03282916837033,0.743862264249286
3.52756067832158,3.03225387681079,0.792991039078017,3.03463693201548,0.689546110498027
3.53009373283513,3.03427192160757,0.799125632088723,3.03633357993031,0.655068032544054
3.53262678734867,3.03629890721836,0.801162285622301,3.03796928677221,0.636981712498589
3.53515984186222,3.03832648724864,0.799881887711679,3.03957743811924,0.632163598229928
3.53733104328081,3.04006011389855,0.796731210420568,3.04095305568326,0.636246513027823
3.5395022446994,3.04178541076623,0.792278694522112,3.0423434941866,0.645536782255101
3.54167344611799,3.04349994782644,0.786998149797057,3.0437584737302,0.658139166788774
3.54384464753658,3.04520240242717,0.781249181113188,3.04520328492209,0.672615247157701
3.54631887773503,3.04712695394035,0.77449692008765,3.04688923409035,0.689915411961129
3.54879310793348,3.04903500858825,0.767919546049878,3.04861714871738,0.706516028813491
3.55126733813193,3.0509273983443,0.761791741682338,3.05038370090948,0.721318366984929
3.55374156833039,3.05280530299737,0.756252316207676,3.05218417151112,0.733767189584853
3.55734678837123,3.05551803037748,0.749378353774798,3.05485897687934,0.747116155876093
3.56095200841207,3.05820882098978,0.743924971341454,3.05757052669112,0.754782802169197
3.56455722845292,3.06088358843558,0.739702632277263,3.06029516654119,0.757525274985691
3.56816244849376,3.0635450901487,0.736431873629615,3.06302186669426,0.756461426136008
3.57156836041724,3.06604879759035,0.733978202792317,3.06559360665239,0.752911311097481
3.57497427234071,3.06854483856833,0.731891090250844,3.06815049313902,0.74789496287565
3.57838018426419,3.07103438393122,0.729933888952199,3.07068784275984,0.742358969682508
3.58178609618767,3.07351743995605,0.728005409707307,3.07320563040667,0.736708088274356
3.58541698887603,3.07615708281897,0.725917075277635,3.07586933924803,0.730813803083908
3.58904788156439,3.07878883906441,0.723677477618635,3.07851286296946,0.725524570810772
3.59267877425276,3.08141200958838,0.721249805114072,3.08113899798692,0.720987637919892
3.59630966694112,3.0840260697581,0.71865900668687,3.08374984283153,0.717103208719565
3.60107141917544,3.08744001509676,0.715048498008577,3.08715254686059,0.712860127665257
3.60583317140976,3.09083630370043,0.711280772202716,3.09053690393787,0.709245915121221
3.61059492364408,3.09421389356355,0.707467931972182,3.09390708208558,0.705812160275876
3.61535667587841,3.09757314364127,0.703638054232962,3.09726164548315,0.702446555465273
3.62011842811273,3.10091450826392,0.699785251358298,3.10059877680925,0.699172651196449
3.62488018034705,3.1042376018013,0.695958973271025,3.10392001858466,0.695792647778062
3.62964193258137,3.10754257856225,0.692178074363168,3.10722475357403,0.692231127642009
3.6344036848157,3.11082959895429,0.68842246301586,3.1105123401473,0.688568457263762
3.64197309284693,3.11601750182227,0.682499720828368,3.11570417173735,0.682557068899158
3.64954250087817,3.12116076126555,0.676596525781267,3.12084974776574,0.67646749197299
3.65711190890941,3.12626014812152,0.670644839466006,3.12594598488284,0.670571880119459
3.66468131694064,3.1313145572504,0.66466001969266,3.13099730364781,0.664808802098269
3.67240299034178,3.13642282040715,0.658622284529343,3.13610985508516,0.65865989632547
3.68012466374292,3.14148466306442,0.652603389192266,3.14117412300222,0.652435631247712
3.68784633714406,3.14650093952796,0.646528299155998,3.14618669017598,0.646436144966719
3.69556801054519,3.15147038642441,0.640415789655602,3.15115261009992,0.640586336542239
3.70321770910053,3.15634572149034,0.634435509133626,3.15603270107694,0.634490041499019
3.71086740765586,3.16117553433517,0.628477397843698,3.16086525674591,0.62830506952761
3.71851710621119,3.16596076559635,0.622458625722879,3.165646514557,0.622362740879762
3.72616680476652,3.17070004383679,0.61639900339105,3.17038196025857,0.616583813075957
3.73355107996983,3.17522969622578,0.610621663306675,3.17491603177382,0.610717277515682
3.74093535517313,3.17971689697022,0.6048682403019,3.1794059438777,0.604755073637007
3.74831963037644,3.18416248420569,0.599062746329871,3.18384834402788,0.599001153627348
3.75570390557975,3.18856528692261,0.593222450980335,3.1882479162627,0.59338643912772
3.76294116723238,3.1928375960419,0.587557063459101,3.19252363154036,0.587648974487722
3.77017842888502,3.19706905571538,0.581909846670778,3.196757213501,0.581838826916079
3.77741569053765,3.20126027954263,0.576222245176829,3.20094620774633,0.576190218166943
3.78465295219028,3.20541041024089,0.570510070028992,3.20509404340738,0.570639904033353
3.79210043473643,3.20963715259277,0.564682383103429,3.20932353755838,0.56472673022453
3.79954791728257,3.21382060180051,0.558865061934076,3.2135085596405,0.558772093390868
3.80699539982872,3.21796125069797,0.553009029604574,3.21764713831839,0.552972301197799
3.81444288237486,3.22205834977077,0.547133035901037,3.22174227164954,0.547252354500872
3.82229549556112,3.22633015361194,0.540994273518627,3.22601712985603,0.540993749887641
3.83014810874738,3.23055386310521,0.534862424148219,3.23024239774725,0.534707493226403
3.83800072193363,3.23473005470399,0.528680870158385,3.23441576950963,0.528620055042868
3.84585333511989,3.2388577811572,0.52247539852543,3.23854103414744,0.522628287431818
3.85377778919646,3.2429728828129,0.516288589138964,3.24266029293461,0.516279967181234
3.86170224327302,3.24703911240662,0.510111236360275,3.24672862465,0.509893820499547
3.86962669734959,3.25105726944817,0.503866433967139,3.2507428312543,0.503777472275643
3.87755115142616,3.2550260410003,0.497587974110781,3.25470816449655,0.497795753904628
3.88499260453226,3.25870651292267,0.491774822424815,3.25839306467808,0.491848098660127
3.89243405763837,3.26234390328557,0.485978823064074,3.26203299871721,0.485831834114726
3.89987551074448,3.26593900765975,0.480121195364948,3.26562478433094,0.480062082922869
3.90731696385058,3.26949062288332,0.474231290693515,3.26917323416683,0.474421439620236
3.91426211509627,3.27276496698372,0.468795188208934,3.27245058125794,0.468913076070482
3.92120726634196,3.27600167303846,0.463374292616733,3.27568920589795,0.463343884951208
3.92815241758765,3.2792012169162,0.457917770075226,3.27888720461219,0.457917201629157
3.93509756883333,3.28236292931289,0.452443316271461,3.28204725461694,0.452562243356137
3.94219322489799,3.28555338132569,0.446888709080216,3.28523941780327,0.446937317723394
3.94928888096265,3.28870446770184,0.44133846953331,3.2883914766697,0.441294921513298
3.95638453702731,3.29181643776779,0.435762158350174,3.29150243391043,0.435756811848122
3.96348019309197,3.29488888396569,0.43017645759068,3.29457391975688,0.430256260488376
3.97142986257071,3.29828364924891,0.423957557702592,3.29797030331323,0.423937357006137
3.97937953204946,3.30162900279233,0.417736488710464,3.30131634784011,0.417627129940058
3.9873292015282,3.30492521299659,0.41147997677896,3.30461097973493,0.411458674631484
3.99527887100695,3.30817174812085,0.405214369041856,3.30785632596111,0.405326602545312
3.99591546714084,3.30842954682364,0.404714241762532,3.30811419699139,0.404829108433214
3.99655206327473,3.30868702719628,0.404214266574807,3.30837175112309,0.404331005954726
3.99718865940862,3.30894418933255,0.40371443364604,3.30862898798109,0.403832334440398
3.99782525554251,3.30920103331983,0.403214733259086,3.30888590721584,0.403333132758822
3.99846185167641,3.30945760920037,0.402751674791734,3.30914230865836,0.402687363398839
3.9990984478103,3.30971381725293,0.402179512852992,3.30939859119358,0.402478007924413
3.99973504394419,3.30996960541783,0.401563317821007,3.30965496306024,0.402444784822962
4.00037164007808,3.31022515163929,0.401419442956385,3.30991071248148,0.400522281052057
4.00106439050231,3.31050357230474,0.40266732299453,3.3101858841874,0.39281240823482
4.00175714092653,3.31078341031166,0.405487356934251,3.31045350338751,0.378813919811284
4.00244989135075,3.31106570318899,0.409729426288226,3.31070941996601,0.359127289730727
4.00314264177498,3.31135138585892,0.415248472210178,3.3109498942341,0.334332753378265
4.00458279275365,3.31195967945053,0.430217465704029,3.31138622222786,0.268805626962553
4.00602294373232,3.31259231337967,0.448906114825562,3.31171705035878,0.188399878036116
4.00746309471099,3.31325387272533,0.470210647130512,3.31192403831091,0.0975305963760057
4.00890324568966,3.31394746772194,0.493180508114439,3.31199474514652,-9.82547376793264e-15
4.00890324568966,3.31394746772194,0.493180508114439,3.31199474514652,0
4.01041939129279,3.31471518293473,0.520343562252836,3.31199474514652,0
4.01193553689592,3.31552757408428,0.552049205780138,3.31199474514652,0
4.01345168249905,3.31639127619678,0.587943557003318,3.31199474514652,0
4.01496782810218,3.31731234614187,0.627662855618438,3.31199474514652,0
4.01877177142199,3.31990925959238,0.741756310274375,3.31199474514652,0
4.02257571474181,3.32297209932186,0.871435521517155,3.31199474514652,0
4.02637965806162,3.32655068411641,1.01042614719653,3.31199474514652,0
4.03018360138144,3.33066668334747,1.15272280651814,3.31199474514652,0
4.03439466563242,3.33584767890593,1.30719530579387,3.31199474514652,0
4.0386057298834,3.34165842639221,1.45067697664543,3.31199474514652,0
4.04281679413438,3.34803884324551,1.57570722467514,3.31199474514652,0
4.04702785838536,3.35489645599486,1.67589190258752,3.31199474514652,0
4.05167706495904,3.3628842063297,1.75091938110325,3.31199474514652,0
4.05632627153272,3.37111640991768,1.78135101641517,3.31199474514652,0
4.0609754781064,3.37936857000635,1.76210775562959,3.31199474514652,0
4.06562468468007,3.38741268507201,1.69130274786561,3.31199474514652,0
4.06767384163404,3.39083440901384,1.64383611298524,3.31199474514652,0
4.06972299858801,3.39415134066184,1.58678546176691,3.31199474514652,0
4.07177215554198,3.39734080630059,1.52078185144712,3.31199474514652,0
4.07382131249595,3.40038340180079,1.44658361615084,3.31199474514652,0
4.07382131249595,3.40038340180079,1.44658361615084,3.31199474514652,0
4.07382165060962,3.40038389090831,1.44657072514057,3.31199474515501,5.02372830101108e-05
4.0738219887233,3.40038438001148,1.44655783435306,3.31199474518049,0.000100473674994842
4.07382232683698,3.40038486911029,1.44654494378835,3.31199474522295,0.000150709175752124
4.07382266495066,3.40038535820474,1.4465320534465,3.3119947452824,0.000200943785079902
4.07382435551904,3.40038780361162,1.44646760508017,3.31199474583442,0.000452103460066366
4.07382604608743,3.40039024890955,1.44640316228704,3.31199474681101,0.000703240842233481
4.07382773665581,3.40039269409854,1.44633872506934,3.31199474821216,0.000954355922690995
4.0738294272242,3.4003951391786,1.44627429342929,3.31199475003781,0.00120544869255091
4.07383788006612,3.40040736294526,1.44595221896979,3.31199476553237,0.00246057757882024
4.07384633290805,3.40041958399007,1.44563028427871,3.31199479163398,0.00371514739143268
4.07385478574998,3.40043180231421,1.44530848962912,3.3119948283379,0.00496915703809311
4.0738632385919,3.40044401791886,1.44498683529364,3.3119948756394,0.00622260542828041
4.07390550280153,3.40050505519145,1.44338067784705,3.31199527094397,0.0124813904560363
4.07394776701116,3.40056602465594,1.44177806895432,3.31199593047166,0.018725981268387
4.07399003122079,3.40062692646302,1.4401790423086,3.3119968536197,0.0249562430926549
4.07403229543042,3.40068776076479,1.43858363138584,3.31199803977966,0.0311720420251115
4.07424361647858,3.40099092509963,1.43066196882188,3.31200789413602,0.0620294684879868
4.07445493752673,3.40129242542575,1.42283559459459,3.31202422929484,0.0925057416042158
4.07466625857489,3.40159228231216,1.41510844325903,3.31204696298009,0.122585123153472
4.07487757962305,3.40189051710664,1.40748430765537,3.31207600980058,0.152252441775171
4.07593418486382,3.40335810613396,1.37102869964332,3.31231295519681,0.293928754858544
4.0769907901046,3.40478878835875,1.33763469672497,3.31269314699213,0.423358647567146
4.07804739534537,3.40618601492682,1.30761138592912,3.31320278060327,0.539305771785754
4.07910400058615,3.40755338704302,1.28116230581608,3.31382745121091,0.640955973273082
4.08085863192384,3.4097676946558,1.24539747421171,3.3150806918479,0.777130126321455
4.08261326326154,3.41192849555136,1.2197814523105,3.31653587841286,0.872709040557191
4.08436789459923,3.4140539967096,1.20376181799733,3.31812018298613,0.929902404440744
4.08612252593692,3.41615905484742,1.19623493308336,3.31977417870009,0.953124770727542
4.08787715727462,3.41825619831215,1.19583941876683,3.32144775216549,0.947821654624533
4.08963178861231,3.42035787860623,1.20103315569471,3.32309109737249,0.920161533543896
4.09138641995001,3.42247319027091,1.21016244822452,3.32466783615617,0.876759190055569
4.0931410512877,3.42460704889923,1.22175288795186,3.32615830614431,0.823512257777081
4.09469801451751,3.42651797754088,1.23302548601127,3.32740091102031,0.772312341825655
4.09625497774733,3.42844650489712,1.2442699820306,3.32856360873417,0.721224834034548
4.09781194097714,3.43039208204913,1.25473432883488,3.32964859496122,0.673257923103668
4.09936890420695,3.43235304803386,1.26388902321822,3.33066251355355,0.630529621856516
4.1010978195296,3.43454578277,1.27206396898164,3.33171647061834,0.591045575076776
4.10282673485225,3.43675045446058,1.27775693793937,3.33271095044783,0.561489435519793
4.10455565017489,3.43896246152765,1.2808035746897,3.33366435935385,0.542518624792373
4.10628456549754,3.44117750359814,1.28126657605266,3.33459389882868,0.533882355614483
4.10799708055539,3.44337057918357,1.27936864596914,3.33550687730577,0.534754166861558
4.10970959561324,3.44555856226488,1.27543538191929,3.33642871785384,0.543767313973957
4.11142211067109,3.44773805426737,1.26987072588391,3.33737301477166,0.559306029028485
4.11313462572894,3.44990685931498,1.26307227268393,3.33834855156352,0.579779932741407
4.11484714078679,3.45206351322705,1.25543097781954,3.33936118495206,0.603625203111943
4.11655965584464,3.45420671083836,1.24742054128277,3.34041613559812,0.628947040172046
4.11827217090249,3.45633602933456,1.23945351847231,3.34151509475913,0.654095222326886
4.11998468596034,3.45845188925408,1.23180327040013,3.34265638028133,0.677976305528591
4.12174863082245,3.46061810720326,1.22445764717748,3.34387264873937,0.700437078780229
4.12351257568458,3.46277207085037,1.21789420097851,3.34512572487386,0.719769143937164
4.1252765205467,3.46491527833961,1.21223860496823,3.34640961610806,0.735469808339332
4.12704046540881,3.46704927354172,1.20747261408805,3.34771814695897,0.747612052221093
4.12918715150909,3.46963587363559,1.2027415263316,3.34933585228436,0.75811280698943
4.13133383760936,3.47221355886607,1.19907141730575,3.35097113424636,0.764369646835327
4.13348052370963,3.47478456806991,1.19623558554157,3.35261503749787,0.767289377634622
4.1356272098099,3.47735009659341,1.19389870701111,3.35426278065375,0.768213295498983
4.1401184698288,3.48270220659635,1.18914224139396,3.35771344810041,0.76961545365341
4.14460972984769,3.48803153531352,1.1837650936082,3.36117608805157,0.773500340482332
4.14910098986659,3.4933335991557,1.1772807697054,3.36466863486413,0.781813931779361
4.15359224988548,3.49860350088036,1.16940119617052,3.36821067750817,0.795708521604729
4.15567676254972,3.50103699727075,1.16532125646831,3.36987735758018,0.803848652719111
4.15776127521397,3.50346195070911,1.16122583270445,3.3715611589228,0.81205072008005
4.15984578787821,3.50587829113351,1.15724047000276,3.3732623617837,0.819812543192342
4.16193030054245,3.50828640011977,1.15337911339982,3.37497943985967,0.8270783419096
4.16401481320669,3.51068672015933,1.149610161202,3.37671062318488,0.83397452300642
4.16609932587093,3.51307937036716,1.14601578538699,3.37845543529952,0.840172398571992
4.16818383853517,3.51546466283388,1.14262574599187,3.38021262784113,0.845552928457969
4.17026835119941,3.51784301211843,1.13937494246556,3.38198054257384,0.850376514868735
4.1726652371107,3.52056963638698,1.13567821445833,3.38402483616472,0.855758046581743
4.17506212302199,3.52328751688931,1.13207940124873,3.38608156119694,0.860747919104239
4.17745900893328,3.52599670367979,1.1285918553796,3.38815051745296,0.865292722264865
4.17985589484457,3.52869749116954,1.12510447531838,3.39023052728832,0.869836862193844
4.18233591255391,3.53148335915961,1.12134416747951,3.39239331498799,0.875146504057879
4.18481593026325,3.53425982555087,1.11754984132801,3.39456957456859,0.880592219172413
4.18729594797259,3.53702654527643,1.11380414991367,3.39676068629772,0.885843395338334
4.18977596568193,3.53978387224345,1.1100417912165,3.39896523454672,0.891161240635547
4.19218163100229,3.5424499313517,1.10626509096814,3.40111503543359,0.8968282109119
4.19458729632266,3.54510689532082,1.10250330874914,3.40327850780364,0.902435509070817
4.19699296164302,3.54775458511207,1.09884787723785,3.40545636781173,0.90761740439887
4.19939862696338,3.55039345351463,1.09523405961902,3.4076468043012,0.912632844157098
4.20177216241432,3.55298887911059,1.0915927987372,3.4098185225354,0.917884134574902
4.20414569786525,3.55557569393725,1.0879941386168,3.41200257732361,0.922965021947021
4.20651923331619,3.55815380527666,1.08450506882905,3.41419933953763,0.927607547988503
4.20889276876713,3.56072361323904,1.0810509908203,3.41640720873657,0.932110106914023
4.21130197889341,3.56332395419317,1.07745438316076,3.41865802198115,0.937042797016668
4.21371118901969,3.56591563464774,1.07388046072603,3.42092070117653,0.941884746220096
4.21612039914596,3.5684984902082,1.07039764460088,3.42319590390092,0.946362270185186
4.21852960927224,3.57107290612645,1.06693139715534,3.4254820891467,0.950773519431857
4.22095589810594,3.57365743798112,1.06333075476053,3.42779399778891,0.955655331627648
4.22338218693964,3.57623322121717,1.05974231525276,3.43011780079822,0.960488332275295
4.22580847577334,3.57880005099882,1.056243816113,3.43245431751787,0.964961571450889
4.22823476460704,3.58135833909074,1.05276363498377,3.43480190088907,0.96936153858438
4.2306591941871,3.58390655979537,1.04917858743317,3.43715703968939,0.974188267114624
4.23308362376716,3.58644608145593,1.04560970954043,3.43952390994811,0.978950317013417
4.23550805334722,3.58897670883665,1.04213489521362,3.44190329260831,0.983336112648524
4.23793248292728,3.59149886210418,1.03868148525425,3.44429350700334,0.987636290813837
4.2403635684864,3.59401986423393,1.03511166576904,3.4466994252787,0.992375989020666
4.24279465404553,3.59653217936328,1.03155724635811,3.44911690002113,0.99705408693037
4.24522573960466,3.59903560593645,1.02809510245044,3.45154673745371,1.00136308282703
4.24765682516379,3.6015305619391,1.02465128054906,3.45398726563387,1.00559879069851
4.25010009638208,3.60402992403165,1.02107787852283,3.45644905947165,1.01030500254285
4.25254336760037,3.60652054071671,1.01751593204637,3.45892241033004,1.01496539218816
4.25498663881866,3.60900219265996,1.01404427851144,3.46140819554634,1.01926461006729
4.25742991003695,3.61147530333627,1.01058854414162,3.46390472122106,1.023500151286
4.25988288633284,3.61395008774439,1.00700266371232,3.46642019863737,1.02821819401809
4.26233586262874,3.61641605827859,1.00342634896724,3.46894732047759,1.03289797401332
4.26478883892464,3.61887298521225,0.999940277866313,3.47148700564817,1.03721677943192
4.26724181522054,3.62132129892222,0.996469304257753,3.47403753264173,1.04147519488107
4.26970425506553,3.62377084488211,0.992865688585566,3.47660700489328,1.04622704361806
4.27216669491052,3.62621149745839,0.989270441336535,3.47918825707368,1.05094541866243
4.27462913475551,3.6286430194456,0.985765270106814,3.48178223800474,1.05530348962957
4.27709157460051,3.63106584509469,0.98227377995059,3.48438721068269,1.05960683630271
4.27956532161241,3.63349149356631,0.978643276870682,3.48701339704299,1.06442186534764
4.28203906862431,3.6359081386971,0.975019343385533,3.4896515841457,1.06921061601353
4.28451281563622,3.63831553384652,0.971484949160047,3.49230275855301,1.07364120964076
4.28698656264812,3.640714116776,0.967962297251668,3.49496516921925,1.07802483399957
4.2894725997575,3.64311619540304,0.964294817493152,3.49765029931249,1.08293954341643
4.29195863686688,3.6455091314318,0.960632049775072,3.5003477479857,1.08783540467154
4.29444467397626,3.64789266880064,0.957058468551371,3.50305853948551,1.09237451994914
4.29693071108564,3.65026724897124,0.953494659138392,3.50578090796516,1.09687454798385
4.29942976156006,3.65264569081488,0.949780319570629,3.50852735738431,1.10192563219327
4.30192881203448,3.6550148228411,0.946068951824847,3.51128653969928,1.10696482911478
4.3044278625089,3.65737438037368,0.942446504334808,3.51405951361497,1.11164834501331
4.30692691298332,3.65972480772304,0.938831621012629,3.51684450188968,1.11630160424039
4.30944015418414,3.66207983368897,0.93505929957368,3.51965558171237,1.12152893152416
4.31195339538496,3.66442534897764,0.931288067276018,3.52247991876373,1.12675190224279
4.31446663658579,3.66676108022224,0.927605380167417,3.52531860651101,1.13162069220517
4.31697987778661,3.66908747354281,0.923927610369901,3.52816986047405,1.13646981292321
4.31950867194067,3.6714192971716,0.920084432666084,3.5310496085403,1.14191953547793
4.32203746609474,3.6737413696692,0.916240219260405,3.53394326793656,1.14737340084008
4.32456626024881,3.67605340862786,0.912484041045553,3.53685196829387,1.15247512543894
4.32709505440287,3.67835586091411,0.908729649039781,3.53977392214615,1.15756970520147
4.32964085625433,3.68066456964948,0.904800846453131,3.54272709686329,1.16329518908295
4.33218665810579,3.68296324111125,0.900868601222732,3.54569498881074,1.16903444353942
4.33473245995725,3.6852515835135,0.897023689998615,3.54867876513211,1.17442436197076
4.33727826180871,3.68753004301917,0.893176844960433,3.55167664117564,1.17982201565837
4.33984276169188,3.68981569296203,0.889145144414294,3.5547089990775,1.18588572030136
4.34240726157505,3.69209096516553,0.885107188803414,3.55775706112436,1.19197444520331
4.34497176145822,3.69435555787628,0.88115555012792,3.5608220343297,1.19771790236372
4.34753626134139,3.69660991459504,0.87719749360777,3.56390214469054,1.20348703090275
4.35012145908905,3.69887254347417,0.873042288658605,3.56702068454315,1.20996353473763
4.3527066568367,3.70112438823789,0.868877443784228,3.57015613579461,1.21647859827335
4.35529185458435,3.70336513622828,0.864797434396465,3.57330974907661,1.22265431986261
4.357877052332,3.70559522571865,0.860705555806128,3.57647977129593,1.22887751826217
4.36048531808582,3.70783483571773,0.856401934825305,3.57969301816285,1.23585716736748
4.36309358383964,3.7100631742529,0.85208452124502,3.5829246557163,1.24289198687064
4.36570184959346,3.71227991647247,0.847849813555345,3.58617598336297,1.24959598281136
4.36831011534727,3.71448549201205,0.843596566057972,3.58944528256043,1.25637413798287
4.37094431458003,3.71670206524353,0.839114016707022,3.59276372080415,1.26396773759734
4.37357851381278,3.71890677865312,0.834612502152134,3.59610236967742,1.27163719802756
4.37621271304554,3.72109929347847,0.830190672678942,3.59946258422969,1.278987918131
4.37884691227829,3.72328002613544,0.825742087227574,3.60284269879752,1.28644566214714
4.38151058760635,3.72547355312514,0.821042748181653,3.60627937899405,1.29479075634352
4.38417426293441,3.72765450388654,0.816317926524192,3.60973852267137,1.30323778098606
4.38683793826247,3.7298225235211,0.811668567204628,3.61322154942369,1.31138295627701
4.38950161359053,3.73197800904722,0.806982280450917,3.61672687117736,1.31967584130455
4.39219923890665,3.73414852648078,0.802018618036806,3.62029825788758,1.32894500922053
4.39489686422278,3.73630558641247,0.797021211891323,3.62389491894175,1.338349152062
4.3975944895389,3.73844881506917,0.79209346719193,3.62751834943231,1.3474746491191
4.40029211485502,3.74057858173399,0.78711617754651,3.63116707222691,1.35679832596032
4.40302947151698,3.74272623570896,0.781827919054519,3.63489426660855,1.36720997238674
4.40576682817895,3.74485933536665,0.776495458480783,3.63865027525055,1.37779842714014
4.40850418484091,3.74697748499372,0.771224870752705,3.6424366810063,1.38813939051091
4.41124154150287,3.74908101494406,0.76588914257504,3.64625216246021,1.39874091568003
4.41402628630032,3.75120616660383,0.760199327622942,3.65016270060523,1.41057283690325
4.41681103109776,3.7533153812254,0.754452238333175,3.6541065570538,1.42263385547713
4.41959577589521,3.75540823846656,0.74875693048414,3.6580854131747,1.43448774828809
4.42238052069266,3.75748501502358,0.742977492419131,3.66209816218291,1.44667816196295
4.42522305702614,3.75958841461788,0.736787739028408,3.66622870812745,1.46028306295327
4.42806559335962,3.76167411062591,0.730524941250777,3.67039836244679,1.47418014149122
4.4309081296931,3.76374165785672,0.724301699492152,3.6746089059048,1.48791899595315
4.43375066602658,3.76579126101246,0.71797211578756,3.67885951969281,1.50208321819894
4.43666550645366,3.76787433879575,0.711158042108815,3.68325996831316,1.51790167907802
4.43958034688075,3.76993742817321,0.704253555199406,3.68770703109635,1.53408179287976
4.44249518730784,3.77198006711735,0.697376013370254,3.69220255615239,1.55015412636047
4.44541002773493,3.7740023689143,0.690368774608933,3.69674609033668,1.56674524756986
4.44841795110098,3.77606772622842,0.682779246813736,3.70148586479535,1.58530026746228
4.45142587446703,3.77811011753821,0.675084989242991,3.7062820004772,1.60427420645688
4.45443379783308,3.78012909589412,0.667411033995644,3.71113628518054,1.6231669361579
4.45744172119912,3.78212467420551,0.659590460116816,3.71604866726784,1.64264614038484
4.46057314409505,3.78417690365449,0.65106290724036,3.72122615688288,1.66446864844703
4.46370456699098,3.78620231269556,0.642434154120163,3.72647245013364,1.6866959574842
4.46683598988691,3.78820056842154,0.633844321577528,3.73178887864886,1.70876758421111
4.46996741278284,3.79017162598572,0.625120149701584,3.7371756218154,1.73137656827126
4.47326720419537,3.79221860078747,0.615550960027646,3.74293060506828,1.75670494546426
4.47656699560789,3.79423400889651,0.605945049524129,3.74876912813394,1.78218020597559
4.47986678702041,3.79621791795872,0.596476572703913,3.75469092042884,1.80710573175371
4.48316657843294,3.79817045399986,0.586978354694475,3.76069547784994,1.83215022228872
4.48669886010839,3.8002252077554,0.576567150165672,3.76721714512815,1.85993436710947
4.49023114178383,3.80224365410765,0.566361707200279,3.77383508221729,1.88689546567659
4.49376342345928,3.80422706255081,0.55661331196644,3.78054421114045,1.91202837331748
4.49729570513473,3.80617653352223,0.547189313125049,3.78734013014833,1.93586369538859
4.50003001071642,3.80765604635347,0.539399843474225,3.79268538415371,1.95629215888934
4.50276431629811,3.80913372595177,0.543712553397869,3.79800863359131,1.92831190409221
4.5054986218798,3.81065478345587,0.56873764523999,3.80312903390603,1.81748212162118
4.50823292746149,3.81226169814137,0.608315354384193,3.80787666799558,1.64844186994182
4.51096723304317,3.81398377559329,0.651108915913775,3.81213431351988,1.46653820872094
4.51370153862486,3.81582273403613,0.693682697628727,3.81589509758084,1.28551366675859
4.51643584420655,3.81777265578668,0.732219160317634,3.81918269091138,1.12063840090041
4.51917014978824,3.81982100046749,0.76499143350272,3.82204725502128,0.978819893057518
4.52160525597674,3.82171478358964,0.788724296939183,3.82429536025309,0.874333082628012
4.52404036216523,3.82365919262994,0.806817595360156,3.82631769350406,0.792404532260465
4.52647546835373,3.82563967759874,0.819506129261321,3.82817245473285,0.732095039972147
4.52891057454222,3.82764482767692,0.827259126787637,3.82990528721594,0.691527693183229
4.53122759637355,3.82956650683916,0.830631032444608,3.83147743198288,0.668948076889228
4.53354461820487,3.83149214012214,0.830828491128371,3.83301269391903,0.659066248488062
4.5358616400362,3.83341476010723,0.828579053250571,3.83453894269889,0.658972006333141
4.53817866186752,3.83532980806404,0.824482752858514,3.83607441324409,0.666265214235255
4.54039156341139,3.83714879794963,0.819346237304548,3.83756122186671,0.67812785079296
4.54260446495527,3.83895561914354,0.813530723607268,3.83907748969003,0.692706479923926
4.54481736649914,3.84074916208706,0.807437054666133,3.84062765494883,0.708397730030304
4.54703026804301,3.84252913810884,0.801346794604466,3.84221287232855,0.724075344618814
4.54977228392108,3.84471621047896,0.794114783734944,3.84422447988508,0.742243717791346
4.55251429979916,3.84688439460306,0.787539708382211,3.84628213723893,0.757784348896726
4.55525631567723,3.8490359293437,0.781796813392658,3.84837688893976,0.769996258549382
4.5579983315553,3.85117288214758,0.776913127109267,3.85050046520082,0.778771333377392
4.56126349041905,3.85370114169079,0.772173281680658,3.85305630088654,0.78491823171047
4.5645286492828,3.85621572016084,0.768441981909384,3.85562502607123,0.787030947414213
4.56779380814655,3.85872011940892,0.76547561645212,3.85819263335008,0.786083925861913
4.5710589670103,3.86121593160696,0.763078331295298,3.86075275403543,0.782860583107845
4.57432412587405,3.86370409617593,0.761081483879465,3.8633016304434,0.778035489389817
4.5775892847378,3.86618605993263,0.759261664649274,3.86583347530675,0.772502282929228
4.58085444360155,3.86866227444742,0.757452350734183,3.86834648234405,0.766927055208235
4.5841196024653,3.87113256537621,0.755587904116403,3.87084134893171,0.761572358298002
4.58804412510478,3.87409348416673,0.753227891912913,3.87381755059011,0.755612580274647
4.59196864774426,3.87704467236282,0.750657273809182,3.8767722376572,0.750495225852251
4.59589317038374,3.87998511074269,0.74787174624788,3.87970948702006,0.746237509260139
4.59981769302322,3.88291427012992,0.74492270236141,3.88263141538446,0.742633857968704
4.60584659036644,3.88739217269212,0.740085914208296,3.88709000443622,0.738323617406352
4.61187548770967,3.89184040973559,0.735150846043003,3.89152462756804,0.734406496892713
4.61790438505289,3.89625715950729,0.730382463404585,3.89594257179208,0.729822634271577
4.62393328239611,3.90064486253169,0.725681410581942,3.90033407501046,0.724969452387339
4.62894760071198,3.90427366751222,0.721685864990854,3.90395994171854,0.721275449680233
4.63396191902785,3.90788246235074,0.717699049518572,3.9075671863395,0.717546526497901
4.63897623734371,3.91147128383157,0.713739992834444,3.911155661736,0.713706568162954
4.64399055565958,3.91504026763675,0.709794371823508,3.9147248251799,0.709812867135238
4.65161410010702,3.92042829591177,0.703806250153363,3.92011456943081,0.703850565404077
4.65923764455445,3.92577081202608,0.697836408199664,3.92545830560544,0.697815144807129
4.66686118900189,3.93106823832697,0.69185968335253,3.93075434431466,0.691807255783921
4.67448473344933,3.93632010194438,0.685862184448842,3.93600457703875,0.68588246298693
4.68390084674986,3.94274241079115,0.678479555205756,3.94243235560507,0.678464151367997
4.69331696005039,3.94909567505773,0.671135970263869,3.94878839813588,0.670889662544266
4.70273307335092,3.9553813185238,0.663764919642685,3.95506700951237,0.663425036437723
4.71214918665145,3.96159736374024,0.656293784652049,3.96127609953103,0.65636074780899
4.71893821729246,3.96603400278867,0.650921882687882,3.96571756060129,0.651208199430331
4.72572724793347,3.9704345777605,0.64562101234468,3.97012241714097,0.645771524567812
4.73251627857448,3.97480023727232,0.640317166182633,3.97448607468376,0.640346752980677
4.73930530921549,3.97912995132232,0.634973320719181,3.97881265323683,0.635081978599155
4.7460943398565,3.98342237367064,0.629640981826225,3.9831075377597,0.629771177935652
4.75288337049751,3.98767874027915,0.624332444393984,3.98736578440484,0.624365171429291
4.75967240113852,3.99189952070203,0.619008307477156,3.9915855149555,0.619021562861278
4.76646143177953,3.99608419811625,0.613667438186219,3.99576879670385,0.6137448837897
4.77418800916024,4.00080205203091,0.607616965265753,4.00048859277441,0.607627685829659
4.78191458654095,4.00547323325552,0.601572510327897,4.00516081681288,0.60148641593918
4.78964116392166,4.01009810881551,0.595498842306388,4.00978400071765,0.595461998383307
4.79736774130237,4.01467610035347,0.58940979570487,4.01436045791827,0.589499095147475
4.80615097503215,4.01982207994886,0.582553415400347,4.01951058499398,0.582459207209911
4.81493420876193,4.02490799429742,0.575700517413968,4.02459825531281,0.57540538999977
4.82371744249171,4.02993473321113,0.568774016121855,4.02961990962682,0.568645986012564
4.83250067622149,4.03490072579997,0.561806821123626,4.03458183149608,0.562049356849819
4.84084914529684,4.03956215634514,0.555324865723565,4.03925252309155,0.555217785798409
4.84919761437218,4.04416985883059,0.548863136503282,4.04386463614938,0.548305310027888
4.85754608344753,4.04872577188811,0.542253386532582,4.04841041614243,0.541984917259035
4.86589455252287,4.05322668980206,0.535555159044724,4.0529026859333,0.536018434558811
4.87264286649126,4.05682201560244,0.530272810938207,4.05650563189086,0.530667442972923
4.87939118045965,4.06038204829647,0.525045561871042,4.06007105232852,0.525096055229619
4.88613949442804,4.06390804519105,0.519749585342278,4.06359391801865,0.519799577332712
4.89288780839643,4.06739845197406,0.514408596676679,4.06708044620976,0.51468314798315
4.89882118641581,4.07043667188719,0.509760422690971,4.07012102671604,0.509993268577936
4.90475456443519,4.07344738335849,0.50512715821303,4.07313349666882,0.505243751141653
4.91068794245457,4.07643082035566,0.500477073526113,4.07611692019731,0.500561514541271
4.91662132047395,4.0793867026975,0.495819257360858,4.07907241802633,0.495910203854242
4.92365271094668,4.08285361968619,0.490318584263895,4.08253988139712,0.490321720027103
4.93068410141941,4.08628182645645,0.484810064992315,4.08596818130805,0.484764620898426
4.93771549189214,4.0896713152185,0.479281956654173,4.08935734891826,0.479285878036001
4.94474688236487,4.09302196097815,0.473754559008452,4.09270788420449,0.473804292403892
4.954676439196,4.09768737977028,0.466009019166065,4.09737412140899,0.4658228707681
4.96460599602712,4.10227565802351,0.458227166396126,4.10196202967714,0.457986700842521
4.97453555285825,4.10678682463826,0.450361241774827,4.10647149340723,0.450486818322383
4.98446510968938,4.11122021202444,0.442527415266306,4.11090518295972,0.442858543351128
4.98834883226703,4.11293299077039,0.439501746828108,4.11261902911837,0.439721489709195
4.99223255484469,4.11463401406945,0.436473947575506,4.11432071019122,0.436592959324885
4.99611627742234,4.11632326909138,0.433440887929724,4.11601027749924,0.433485470513288
5,4.11800073692094,0.430403143793906,4.11768780670336,0.430396719661837
